complaint_id,segment_id,district,complaint_type,submitted_date,resolved_date,resolution_status,severity_reported,channel,lat,lon
CMP-00001,SEG-0242,Downtown,Flooding,2025-04-24,2025-05-24,Resolved,Medium,Web Form,43.60693255351829,-116.17355591134717
CMP-00002,SEG-0014,Southwest,Pothole,2025-12-24,2026-01-26,Resolved,Medium,Web Form,43.54636773354194,-116.22011340894618
CMP-00003,SEG-0124,Downtown,Sidewalk,2024-05-23,,In Review,High,Email,43.61143084043778,-116.17364269803032
CMP-00004,SEG-0293,Southeast,Debris,2025-04-28,2025-05-10,In Review,High,Phone,43.57146607482207,-116.16758459160104
CMP-00005,SEG-0286,East Bench,Pothole,2025-08-21,2025-09-16,Resolved,Low,Phone,43.604127817241206,-116.13633195611447
CMP-00006,SEG-0133,Southeast,Crack,2025-11-26,2026-01-14,In Review,Medium,311 App,43.54221217723777,-116.19232000816417
CMP-00007,SEG-0016,Downtown,Debris,2025-03-06,2025-03-10,Pending,Low,311 App,43.60976220741123,-116.20197347322221
CMP-00008,SEG-0223,Southwest,Crack,2025-09-13,2025-09-15,Pending,Low,Email,43.562031515783225,-116.21748451654443
CMP-00009,SEG-0045,West Boise,Sign Damage,2024-07-23,,Pending,High,Phone,43.64141977096862,-116.28621164167183
CMP-00010,SEG-0014,Southwest,Pothole,2024-07-15,,In Review,Low,Phone,43.54387695676738,-116.22180374962743
CMP-00011,SEG-0284,East Bench,Pothole,2025-02-21,2025-04-18,Pending,Medium,Email,43.59640154760314,-116.17617010088055
CMP-00012,SEG-0101,Southeast,Debris,2025-05-27,,In Review,Medium,311 App,43.56895151225029,-116.19949811719728
CMP-00013,SEG-0174,Southwest,Sidewalk,2025-08-05,,In Review,High,311 App,43.598471709981524,-116.2788687059778
CMP-00014,SEG-0296,Southwest,Sidewalk,2024-12-04,,Pending,High,Email,43.571660093255694,-116.24719318872712
CMP-00015,SEG-0155,West Boise,Debris,2024-10-21,,Resolved,High,Email,43.64720157966377,-116.31797623352476
CMP-00016,SEG-0215,Downtown,Flooding,2025-08-19,2025-10-17,In Review,Low,311 App,43.61625418097036,-116.19053047557972
CMP-00017,SEG-0050,West Boise,Debris,2024-03-01,,In Review,High,311 App,43.63037546880691,-116.31107035239273
CMP-00018,SEG-0289,Southeast,Sidewalk,2025-09-16,2025-11-04,Resolved,High,311 App,43.58937263113118,-116.175828409485
CMP-00019,SEG-0160,West Boise,Crack,2024-03-23,2024-04-23,Pending,Low,311 App,43.59814240033914,-116.29328258293839
CMP-00020,SEG-0041,North End,Sidewalk,2025-03-17,2025-05-07,Resolved,Low,311 App,43.65038741527788,-116.17619270975675
CMP-00021,SEG-0241,Downtown,Pavement Failure,2025-09-14,2025-10-28,In Review,Low,Email,43.60155356167039,-116.18204827393814
CMP-00022,SEG-0051,West Boise,Crack,2025-03-16,2025-04-21,Resolved,Critical,311 App,43.63705158691501,-116.33684186177256
CMP-00023,SEG-0039,North End,Pothole,2024-07-17,,Resolved,Medium,311 App,43.652131469895664,-116.22222149645528
CMP-00024,SEG-0079,Southwest,Pothole,2025-07-03,2025-08-24,In Review,Medium,311 App,43.58716744670298,-116.28521513642268
CMP-00025,SEG-0224,Southwest,Debris,2024-02-14,,In Review,Medium,Web Form,43.59851886497754,-116.22456072539644
CMP-00026,SEG-0128,Southeast,Flooding,2025-11-03,,In Review,Medium,Email,43.595821020744296,-116.1969943006569
CMP-00027,SEG-0006,Southeast,Flooding,2024-08-13,2024-09-02,In Review,High,Phone,43.5434753767511,-116.19491085900286
CMP-00028,SEG-0008,Southwest,Flooding,2025-05-30,,Pending,Critical,Web Form,43.541359784307346,-116.28983880314966
CMP-00029,SEG-0283,East Bench,Pavement Failure,2025-06-17,,In Review,Medium,311 App,43.59968755994024,-116.15317948116218
CMP-00030,SEG-0292,Southeast,Sidewalk,2024-08-28,2024-10-09,Pending,Low,311 App,43.53999562996138,-116.17236297526554
CMP-00031,SEG-0255,Downtown,Pothole,2025-01-28,,Resolved,High,Email,43.61273942999467,-116.19640990875868
CMP-00032,SEG-0228,North End,Sign Damage,2024-02-15,,Resolved,Critical,311 App,43.67500960982684,-116.19977677560217
CMP-00033,SEG-0002,Southeast,Flooding,2024-01-27,2024-03-16,Pending,Medium,311 App,43.54289977753991,-116.14892904217989
CMP-00034,SEG-0256,Downtown,Pavement Failure,2025-03-13,2025-05-12,Resolved,Low,Email,43.617646894374644,-116.21349710921604
CMP-00035,SEG-0111,East Bench,Pavement Failure,2025-07-01,2025-08-07,In Review,High,Phone,43.60964922003261,-116.17513067010803
CMP-00036,SEG-0232,North End,Pothole,2024-08-31,,Pending,High,311 App,43.6643182243641,-116.22891464318208
CMP-00037,SEG-0247,Downtown,Debris,2025-08-07,,Pending,High,Web Form,43.60686391977413,-116.21363729484948
CMP-00038,SEG-0179,Southwest,Flooding,2025-09-14,,In Review,High,Web Form,43.58015437067231,-116.27383576525716
CMP-00039,SEG-0237,Downtown,Sign Damage,2024-01-10,2024-02-02,In Review,Medium,Email,43.62423433934389,-116.19722166296793
CMP-00040,SEG-0247,Downtown,Sign Damage,2025-09-16,2025-09-21,Resolved,High,Web Form,43.605265163211016,-116.21478728429129
CMP-00041,SEG-0189,Southwest,Debris,2024-06-27,,In Review,Low,Phone,43.58495178625174,-116.2593939928875
CMP-00042,SEG-0191,Southwest,Debris,2025-03-26,2025-03-29,In Review,Medium,311 App,43.60180681516869,-116.25427811545173
CMP-00043,SEG-0149,West Boise,Sidewalk,2024-01-17,2024-03-12,Pending,Low,Phone,43.605166918602144,-116.33920508342901
CMP-00044,SEG-0224,Southwest,Crack,2025-06-07,,Pending,High,Email,43.59828557269698,-116.22444609867895
CMP-00045,SEG-0085,Southeast,Sidewalk,2024-01-26,,Pending,High,Email,43.58801556890261,-116.20050113757043
CMP-00046,SEG-0199,Southeast,Flooding,2024-10-28,2024-11-08,Resolved,High,Phone,43.54164749063823,-116.20189785885495
CMP-00047,SEG-0054,West Boise,Pavement Failure,2024-11-16,2025-01-05,In Review,High,Phone,43.617922358770805,-116.28046025501726
CMP-00048,SEG-0236,North End,Pavement Failure,2024-06-02,,Resolved,Low,Phone,43.671637609539495,-116.1769297481268
CMP-00049,SEG-0062,Downtown,Sidewalk,2025-03-04,2025-03-12,In Review,Low,Email,43.61851479103626,-116.21991865600822
CMP-00050,SEG-0256,Downtown,Crack,2024-07-18,2024-08-06,Pending,Medium,Web Form,43.614760562808506,-116.21596773449528
CMP-00051,SEG-0143,West Boise,Pavement Failure,2025-12-10,,Pending,High,311 App,43.638063938437476,-116.35404042622862
CMP-00052,SEG-0263,North End,Sign Damage,2025-10-31,2025-11-15,Pending,Medium,Phone,43.66938086779218,-116.20916822427986
CMP-00053,SEG-0085,Southeast,Debris,2025-11-21,2025-11-30,Pending,High,Web Form,43.585681377355755,-116.20167397617077
CMP-00054,SEG-0261,North End,Sidewalk,2024-05-31,2024-07-11,Resolved,Medium,Email,43.63755604900643,-116.18281884461777
CMP-00055,SEG-0245,Downtown,Pavement Failure,2025-07-21,2025-08-21,Resolved,Medium,311 App,43.60681043424104,-116.21865627414506
CMP-00056,SEG-0194,Southwest,Sidewalk,2024-03-15,,In Review,Critical,Email,43.56510947108482,-116.2305407299728
CMP-00057,SEG-0085,Southeast,Flooding,2025-12-30,,Pending,Low,311 App,43.5847210101715,-116.19831710516348
CMP-00058,SEG-0294,Southeast,Sidewalk,2025-02-22,2025-04-11,Pending,High,Email,43.55918245476957,-116.16733722746041
CMP-00059,SEG-0246,Downtown,Debris,2025-08-26,2025-10-25,Resolved,Medium,311 App,43.60557221314696,-116.18168650436516
CMP-00060,SEG-0126,Southeast,Crack,2025-01-23,,In Review,High,311 App,43.59392905417971,-116.1881108261331
CMP-00061,SEG-0206,Southeast,Debris,2025-06-14,2025-07-22,Pending,High,Web Form,43.57606427098556,-116.19897079914277
CMP-00062,SEG-0047,West Boise,Pavement Failure,2024-02-12,2024-03-31,Resolved,Critical,Web Form,43.64108655129169,-116.32649609001105
CMP-00063,SEG-0159,West Boise,Flooding,2024-10-18,,Pending,Critical,Email,43.611893533451955,-116.29360171691296
CMP-00064,SEG-0158,West Boise,Pothole,2024-09-22,2024-11-10,Resolved,High,Phone,43.616467904046026,-116.29529834622697
CMP-00065,SEG-0234,North End,Pothole,2024-06-21,,In Review,Medium,311 App,43.670458463579195,-116.17857040716692
CMP-00066,SEG-0063,Downtown,Sign Damage,2024-10-15,2024-11-21,In Review,Critical,Phone,43.61591615126127,-116.2208202336753
CMP-00067,SEG-0224,Southwest,Sign Damage,2025-12-24,2026-01-01,Pending,Critical,Web Form,43.5983474553187,-116.22560472785446
CMP-00068,SEG-0096,Southeast,Flooding,2025-11-15,,Resolved,Medium,311 App,43.57167846286287,-116.16729675930932
CMP-00069,SEG-0234,North End,Sidewalk,2025-10-07,2025-11-20,Resolved,High,311 App,43.67023851049722,-116.17813052799747
CMP-00070,SEG-0249,Downtown,Debris,2024-11-21,,In Review,Low,311 App,43.61117965492036,-116.19975262650728
CMP-00071,SEG-0126,Southeast,Sign Damage,2024-08-13,2024-08-30,Resolved,Critical,Phone,43.59593424274018,-116.18895360130537
CMP-00072,SEG-0225,Southeast,Pavement Failure,2024-03-31,2024-05-25,In Review,Medium,311 App,43.5397372751256,-116.2000372353924
CMP-00073,SEG-0208,Southeast,Sign Damage,2025-12-28,,In Review,High,Email,43.540524105536456,-116.20106113685257
CMP-00074,SEG-0046,West Boise,Flooding,2025-06-27,2025-07-09,Resolved,High,Email,43.64190088790288,-116.27186489000701
CMP-00075,SEG-0280,East Bench,Crack,2025-07-10,2025-07-17,Resolved,High,Email,43.58773744857213,-116.16580241181495
CMP-00076,SEG-0278,East Bench,Flooding,2024-04-28,,In Review,Low,Web Form,43.60763087432307,-116.17418072479582
CMP-00077,SEG-0070,West Boise,Sign Damage,2025-05-10,2025-07-05,In Review,Critical,Phone,43.60664285018906,-116.32694730453791
CMP-00078,SEG-0268,Downtown,Sidewalk,2025-02-22,,Pending,High,Web Form,43.61345291633747,-116.18965087782568
CMP-00079,SEG-0274,Downtown,Sign Damage,2024-09-23,2024-10-11,In Review,Medium,Web Form,43.615496064771726,-116.20490148585974
CMP-00080,SEG-0111,East Bench,Debris,2024-08-14,2024-08-25,Resolved,Low,Web Form,43.60632486133757,-116.17484093075932
CMP-00081,SEG-0015,Downtown,Sidewalk,2024-01-22,2024-01-28,In Review,High,Web Form,43.612175368202394,-116.2197884232383
CMP-00082,SEG-0232,North End,Debris,2025-06-15,,Resolved,Medium,Email,43.663761891342816,-116.23108266212672
CMP-00083,SEG-0096,Southeast,Crack,2025-01-17,,In Review,Medium,311 App,43.570514299889965,-116.16924488650695
CMP-00084,SEG-0236,North End,Sign Damage,2024-04-14,2024-06-04,Resolved,Medium,Web Form,43.670581865741504,-116.18000097904326
CMP-00085,SEG-0164,Southwest,Pavement Failure,2024-09-10,,Resolved,Critical,Email,43.59423877275784,-116.29477989705406
CMP-00086,SEG-0225,Southeast,Debris,2024-03-27,,In Review,Critical,311 App,43.538058967135626,-116.19867899392422
CMP-00087,SEG-0151,West Boise,Debris,2024-06-04,,Pending,Medium,Web Form,43.601139087031,-116.31418438916825
CMP-00088,SEG-0122,Downtown,Crack,2024-11-05,,Resolved,High,Email,43.6117263228992,-116.1905458617197
CMP-00089,SEG-0266,North End,Flooding,2025-02-20,2025-03-23,In Review,Medium,Email,43.64650185012964,-116.18033186043836
CMP-00090,SEG-0239,Downtown,Pothole,2025-01-16,2025-03-03,Pending,Medium,311 App,43.615317394473166,-116.20216853780917
CMP-00091,SEG-0057,West Boise,Flooding,2025-07-30,,Pending,Medium,311 App,43.61686255614021,-116.26988497714926
CMP-00092,SEG-0082,Southwest,Crack,2025-05-16,2025-05-22,Pending,Critical,Phone,43.587904731833206,-116.26979332903302
CMP-00093,SEG-0124,Downtown,Flooding,2024-12-11,2024-12-14,In Review,Critical,311 App,43.61223057958324,-116.17616310328975
CMP-00094,SEG-0274,Downtown,Pavement Failure,2025-05-15,2025-06-05,Resolved,High,Email,43.61578647268757,-116.20302627553741
CMP-00095,SEG-0266,North End,Pavement Failure,2024-03-24,2024-04-21,Resolved,Critical,Phone,43.64946054682343,-116.18167162754297
CMP-00096,SEG-0040,North End,Sidewalk,2024-06-19,,Resolved,Low,Email,43.655626738108474,-116.21127734035315
CMP-00097,SEG-0096,Southeast,Sign Damage,2024-05-23,2024-06-28,Pending,Low,Web Form,43.57084033311234,-116.16534202274995
CMP-00098,SEG-0124,Downtown,Flooding,2025-11-23,,In Review,High,Phone,43.61172407038647,-116.17490699503765
CMP-00099,SEG-0265,North End,Debris,2025-09-20,2025-10-14,In Review,High,Email,43.64679352066382,-116.202783190005
CMP-00100,SEG-0184,West Boise,Pavement Failure,2024-05-18,,Pending,Low,Web Form,43.605296211772306,-116.25493360369353
CMP-00101,SEG-0225,Southeast,Crack,2024-01-06,,Resolved,Low,Email,43.53932414052173,-116.20175556884334
CMP-00102,SEG-0118,East Bench,Pavement Failure,2024-06-09,,In Review,Medium,Web Form,43.598556287012286,-116.15273248200462
CMP-00103,SEG-0296,Southwest,Flooding,2025-03-12,2025-04-01,In Review,Critical,Web Form,43.57109144918457,-116.24489860258163
CMP-00104,SEG-0131,Southeast,Pavement Failure,2025-08-29,,Resolved,High,Phone,43.594051750468125,-116.20159071150044
CMP-00105,SEG-0065,Downtown,Flooding,2025-08-24,2025-09-18,In Review,High,Email,43.61502022684288,-116.20569231685737
CMP-00106,SEG-0222,Southwest,Sidewalk,2024-08-09,,In Review,Medium,Phone,43.56970227354918,-116.21972054364109
CMP-00107,SEG-0237,Downtown,Sidewalk,2024-02-23,,Pending,Critical,Email,43.6253083574564,-116.19897549957943
CMP-00108,SEG-0147,West Boise,Sidewalk,2025-07-27,,Pending,Critical,Web Form,43.6002720473301,-116.33373905718169
CMP-00109,SEG-0234,North End,Pavement Failure,2025-09-11,2025-09-22,Pending,Medium,Email,43.67074694346194,-116.1798996259816
CMP-00110,SEG-0078,Southwest,Sign Damage,2025-12-02,,In Review,High,Phone,43.58542018221838,-116.29037725129797
CMP-00111,SEG-0194,Southwest,Sign Damage,2025-11-17,,Resolved,Medium,Email,43.56518882343539,-116.2284172302202
CMP-00112,SEG-0126,Southeast,Crack,2024-07-19,2024-08-22,Resolved,High,Web Form,43.593376433936086,-116.18860853029408
CMP-00113,SEG-0172,West Boise,Pavement Failure,2024-01-14,2024-01-17,Pending,Critical,Email,43.62053066955077,-116.27361700369906
CMP-00114,SEG-0262,North End,Debris,2025-10-02,,Resolved,Critical,Email,43.64663520194118,-116.20958620633513
CMP-00115,SEG-0258,North End,Flooding,2025-07-12,2025-07-15,Resolved,Medium,Phone,43.637807652885286,-116.23147340717665
CMP-00116,SEG-0292,Southeast,Pavement Failure,2024-05-02,,In Review,Low,Web Form,43.538389901842415,-116.17032166605766
CMP-00117,SEG-0293,Southeast,Pothole,2024-07-17,2024-09-03,Pending,High,Phone,43.572297898995465,-116.16759261004204
CMP-00118,SEG-0187,Southwest,Pavement Failure,2025-06-12,,Pending,Critical,311 App,43.55429781960276,-116.25323780982657
CMP-00119,SEG-0264,North End,Sign Damage,2024-09-30,,Resolved,High,Phone,43.65048586682372,-116.18182699395047
CMP-00120,SEG-0238,Downtown,Debris,2024-01-04,,Pending,Low,Web Form,43.59986500911618,-116.19782957748984
CMP-00121,SEG-0080,Southwest,Pothole,2025-04-19,,Resolved,Low,Phone,43.58520000515434,-116.28583050023371
CMP-00122,SEG-0135,Southeast,Pavement Failure,2024-06-22,2024-07-06,Pending,Critical,311 App,43.542321793554436,-116.19568605068449
CMP-00123,SEG-0096,Southeast,Sidewalk,2025-11-28,2026-01-25,Resolved,Medium,Web Form,43.57058334121761,-116.16650134414772
CMP-00124,SEG-0237,Downtown,Crack,2024-05-23,2024-06-19,Resolved,High,Phone,43.62470844834981,-116.19979727062001
CMP-00125,SEG-0280,East Bench,Flooding,2024-09-27,,In Review,High,Web Form,43.586949482177545,-116.16501182906265
CMP-00126,SEG-0179,Southwest,Sidewalk,2025-12-04,2025-12-07,In Review,Critical,Phone,43.578915795136,-116.27476834881182
CMP-00127,SEG-0181,West Boise,Sidewalk,2024-12-21,2025-02-03,Pending,Medium,Web Form,43.610466615305675,-116.25659993899251
CMP-00128,SEG-0153,West Boise,Sidewalk,2024-10-02,,Resolved,High,Phone,43.61301575278941,-116.32007820779698
CMP-00129,SEG-0239,Downtown,Crack,2025-11-05,2025-12-06,Pending,High,Web Form,43.615983077701145,-116.20046378077018
CMP-00130,SEG-0089,Southeast,Flooding,2024-11-26,2025-01-06,Resolved,Medium,Email,43.58752398368832,-116.200653312634
CMP-00131,SEG-0032,West Boise,Crack,2024-07-10,2024-07-30,Pending,Medium,311 App,43.65142603484539,-116.27343755069589
CMP-00132,SEG-0229,North End,Sign Damage,2025-12-12,2026-01-07,Resolved,High,Web Form,43.64349376768523,-116.20252676963047
CMP-00133,SEG-0085,Southeast,Crack,2024-02-11,2024-04-08,In Review,Low,Email,43.58612957691569,-116.20092255607385
CMP-00134,SEG-0045,West Boise,Debris,2025-08-30,,Resolved,High,Phone,43.64442097552575,-116.28458804690146
CMP-00135,SEG-0234,North End,Pothole,2025-11-10,,Resolved,High,Phone,43.671710958495915,-116.18002514592183
CMP-00136,SEG-0050,West Boise,Crack,2024-01-01,2024-01-14,Pending,High,311 App,43.630171374627714,-116.30793095121325
CMP-00137,SEG-0237,Downtown,Debris,2024-09-07,,Pending,Low,Email,43.62463731921746,-116.20057734610418
CMP-00138,SEG-0050,West Boise,Sign Damage,2025-02-07,2025-04-07,In Review,Critical,Email,43.63225789640244,-116.30830977530678
CMP-00139,SEG-0265,North End,Crack,2024-05-11,,Pending,High,Web Form,43.64822116430458,-116.20360651156972
CMP-00140,SEG-0153,West Boise,Sign Damage,2025-02-07,2025-03-02,In Review,Low,Phone,43.614687352515716,-116.31949135987043
CMP-00141,SEG-0255,Downtown,Sidewalk,2025-01-05,,Resolved,Critical,311 App,43.613340309074104,-116.19930868039883
CMP-00142,SEG-0262,North End,Pothole,2024-08-04,,Pending,Critical,Phone,43.64637684527989,-116.21034014350322
CMP-00143,SEG-0118,East Bench,Sign Damage,2025-05-07,,Resolved,Medium,Email,43.59877035910575,-116.15310707001989
CMP-00144,SEG-0291,Southeast,Pavement Failure,2024-03-25,,Resolved,Critical,311 App,43.55907053511688,-116.17937604195885
CMP-00145,SEG-0183,West Boise,Pavement Failure,2025-12-03,2026-01-04,In Review,Critical,Email,43.65608543864055,-116.25498518194792
CMP-00146,SEG-0287,East Bench,Sidewalk,2025-10-11,,Pending,High,Email,43.59919409390709,-116.16233332637503
CMP-00147,SEG-0189,Southwest,Debris,2024-04-24,2024-05-22,Pending,Low,Phone,43.5845218269153,-116.25575519513494
CMP-00148,SEG-0063,Downtown,Sidewalk,2024-09-21,,In Review,Critical,Email,43.612786174392966,-116.2208731441784
CMP-00149,SEG-0270,Downtown,Debris,2025-05-16,2025-05-20,In Review,High,Web Form,43.62530581014852,-116.19609701487445
CMP-00150,SEG-0289,Southeast,Flooding,2024-01-25,2024-02-06,Pending,Critical,311 App,43.58736008059563,-116.17703026660789
CMP-00151,SEG-0131,Southeast,Pothole,2024-04-24,,In Review,Critical,Phone,43.59370093459141,-116.1998600591989
CMP-00152,SEG-0286,East Bench,Flooding,2024-05-28,2024-06-25,Pending,Critical,Phone,43.60687610052996,-116.13537867808763
CMP-00153,SEG-0296,Southwest,Pothole,2025-06-20,2025-06-23,Pending,High,311 App,43.5694340017889,-116.24355762666929
CMP-00154,SEG-0161,West Boise,Pavement Failure,2024-04-13,,Resolved,High,Web Form,43.59969011963608,-116.29896646609926
CMP-00155,SEG-0181,West Boise,Pothole,2024-09-20,2024-11-07,Pending,Low,Phone,43.609951580489785,-116.25463532636692
CMP-00156,SEG-0204,Southeast,Pavement Failure,2025-07-06,2025-07-22,Resolved,High,Email,43.563670837065004,-116.19825808693656
CMP-00157,SEG-0284,East Bench,Debris,2025-12-06,2025-12-24,In Review,Low,Email,43.59927998563926,-116.1742871670042
CMP-00158,SEG-0075,Southwest,Sidewalk,2025-02-20,,Pending,Medium,Web Form,43.59906821311898,-116.20568068219643
CMP-00159,SEG-0005,Southeast,Crack,2024-11-21,,Resolved,High,Phone,43.543311889834264,-116.15376867475247
CMP-00160,SEG-0177,Southwest,Debris,2025-04-16,2025-05-27,Pending,Critical,Email,43.60171949078315,-116.2769297311013
CMP-00161,SEG-0287,East Bench,Sign Damage,2024-12-20,2024-12-30,In Review,Critical,Phone,43.598474961464696,-116.1650299463584
CMP-00162,SEG-0080,Southwest,Sidewalk,2025-02-16,,In Review,Low,Email,43.58617530294492,-116.28695580323044
CMP-00163,SEG-0137,Southeast,Flooding,2025-06-26,,Pending,Critical,Email,43.54310625827228,-116.19196754920956
CMP-00164,SEG-0057,West Boise,Sidewalk,2024-12-26,2025-01-22,Resolved,High,Email,43.62043972095927,-116.26906086265632
CMP-00165,SEG-0234,North End,Pothole,2025-01-22,2025-03-18,Resolved,Critical,Phone,43.66935022068477,-116.18141746893374
CMP-00166,SEG-0161,West Boise,Sign Damage,2024-06-11,2024-07-29,In Review,Critical,Web Form,43.60100512368136,-116.29738328001771
CMP-00167,SEG-0171,West Boise,Pothole,2024-11-23,2025-01-03,In Review,High,Email,43.59890039684949,-116.2734191361256
CMP-00168,SEG-0004,Southeast,Crack,2024-10-20,2024-11-18,Resolved,Critical,Web Form,43.54182734951915,-116.18449353479987
CMP-00169,SEG-0060,Downtown,Pothole,2025-11-02,,Pending,Critical,Email,43.6170011752161,-116.17445433249983
CMP-00170,SEG-0175,Southwest,Pothole,2024-05-21,2024-06-23,In Review,Critical,311 App,43.561225081241425,-116.2780642369831
CMP-00171,SEG-0229,North End,Pothole,2025-04-28,2025-05-22,In Review,Critical,Phone,43.6444912360547,-116.20381148290534
CMP-00172,SEG-0224,Southwest,Pavement Failure,2024-09-02,,Resolved,High,Phone,43.59917192766264,-116.22257421736816
CMP-00173,SEG-0148,West Boise,Debris,2025-04-17,2025-05-31,Pending,Medium,Phone,43.62964022114961,-116.3379891402435
CMP-00174,SEG-0234,North End,Crack,2025-09-10,2025-11-05,Resolved,Critical,311 App,43.66853253325547,-116.18173070972675
CMP-00175,SEG-0262,North End,Sign Damage,2025-06-16,2025-08-11,Resolved,Critical,Web Form,43.64820742815387,-116.20933063421366
CMP-00176,SEG-0192,Southwest,Pavement Failure,2025-09-13,2025-10-18,Resolved,Critical,Email,43.59880101532954,-116.23104785492096
CMP-00177,SEG-0162,Southwest,Pavement Failure,2024-02-10,,In Review,Critical,Email,43.556010694118626,-116.29409050795478
CMP-00178,SEG-0082,Southwest,Pavement Failure,2025-08-16,2025-08-24,Resolved,High,Email,43.59029514799559,-116.27119919959995
CMP-00179,SEG-0270,Downtown,Pothole,2025-05-09,,Pending,Low,Email,43.627199781245146,-116.1968306922779
CMP-00180,SEG-0046,West Boise,Pavement Failure,2024-09-23,,Pending,High,Email,43.642738246689376,-116.27211207524076
CMP-00181,SEG-0290,Southeast,Flooding,2024-05-23,,Resolved,Medium,Web Form,43.540254157732804,-116.19087278748168
CMP-00182,SEG-0286,East Bench,Sign Damage,2024-06-11,2024-07-01,In Review,Critical,Web Form,43.60381876515078,-116.13577220539096
CMP-00183,SEG-0085,Southeast,Sign Damage,2025-09-14,,Pending,Medium,311 App,43.58782967660557,-116.1996670785158
CMP-00184,SEG-0205,Southeast,Pavement Failure,2024-01-13,,In Review,Critical,Email,43.595473839965464,-116.20131835949503
CMP-00185,SEG-0229,North End,Flooding,2024-06-08,2024-07-11,In Review,High,Email,43.64455163475293,-116.20251601686405
CMP-00186,SEG-0265,North End,Sign Damage,2025-06-21,2025-07-22,Resolved,Low,Web Form,43.64584130070369,-116.20570228296135
CMP-00187,SEG-0291,Southeast,Pothole,2025-09-15,2025-11-05,In Review,Medium,Web Form,43.5604221609808,-116.17761336803434
CMP-00188,SEG-0256,Downtown,Sidewalk,2024-01-13,2024-03-08,In Review,Medium,Phone,43.61529124132539,-116.21709563787775
CMP-00189,SEG-0032,West Boise,Debris,2024-12-03,2024-12-21,In Review,Low,311 App,43.65145653140565,-116.27381220481634
CMP-00190,SEG-0127,Southeast,Sidewalk,2024-07-06,2024-08-17,Resolved,Medium,Email,43.59370972269893,-116.1855054900386
CMP-00191,SEG-0137,Southeast,Crack,2024-10-11,,In Review,Low,Phone,43.54507823080178,-116.19422353954721
CMP-00192,SEG-0096,Southeast,Sign Damage,2025-08-22,2025-09-22,Resolved,Low,Web Form,43.573530064507544,-116.16903278181564
CMP-00193,SEG-0296,Southwest,Crack,2025-03-28,,Resolved,Medium,Email,43.57004684384088,-116.24742659009391
CMP-00194,SEG-0057,West Boise,Sidewalk,2024-04-24,2024-05-23,In Review,Medium,Email,43.62044995074846,-116.26955500888913
CMP-00195,SEG-0057,West Boise,Flooding,2024-10-04,2024-10-16,In Review,Critical,Web Form,43.620286742789666,-116.26936345093011
CMP-00196,SEG-0009,Southwest,Pavement Failure,2024-09-11,,In Review,High,Email,43.54371388023356,-116.22321755109616
CMP-00197,SEG-0137,Southeast,Debris,2024-01-07,,Pending,Critical,Phone,43.54370318066721,-116.1914252487514
CMP-00198,SEG-0065,Downtown,Flooding,2024-04-06,2024-05-05,In Review,Medium,Phone,43.617298167174,-116.20265158940745
CMP-00199,SEG-0261,North End,Sidewalk,2025-05-28,,In Review,Critical,311 App,43.640232985279205,-116.17959179400964
CMP-00200,SEG-0080,Southwest,Crack,2025-11-19,,Resolved,Critical,Phone,43.58733942913764,-116.28589650708203
CMP-00201,SEG-0286,East Bench,Debris,2025-06-12,2025-07-24,Pending,High,Phone,43.60693237418219,-116.13710507330423
CMP-00202,SEG-0140,West Boise,Flooding,2024-11-06,,Pending,High,Web Form,43.61807683150184,-116.35152880834927
CMP-00203,SEG-0050,West Boise,Sign Damage,2025-03-03,,Resolved,Critical,Web Form,43.63201617085521,-116.31080227885869
CMP-00204,SEG-0093,Southwest,Pavement Failure,2024-10-07,,Resolved,Medium,Web Form,43.56699318756105,-116.31458209925319
CMP-00205,SEG-0131,Southeast,Debris,2025-01-26,,In Review,Medium,Phone,43.5954702233524,-116.20023958740066
CMP-00206,SEG-0217,Southeast,Flooding,2024-03-17,,In Review,Critical,Email,43.541808181463814,-116.185709167517
CMP-00207,SEG-0164,Southwest,Pavement Failure,2025-02-03,2025-04-03,Pending,Medium,Web Form,43.59766171679064,-116.2953975425413
CMP-00208,SEG-0241,Downtown,Debris,2024-02-27,2024-03-16,Pending,Critical,Web Form,43.60178912316298,-116.18457386106465
CMP-00209,SEG-0188,Southwest,Sign Damage,2024-11-28,2025-01-14,Resolved,Medium,Web Form,43.58906235248184,-116.25633265446044
CMP-00210,SEG-0290,Southeast,Pavement Failure,2024-12-01,2025-01-19,Pending,High,311 App,43.53856187027014,-116.1906483764776
CMP-00211,SEG-0084,Southeast,Sidewalk,2025-12-17,2026-01-07,Pending,Critical,Phone,43.58932156011585,-116.16799269440426
CMP-00212,SEG-0171,West Boise,Pavement Failure,2024-12-07,,Pending,High,311 App,43.59856107974408,-116.27246603905287
CMP-00213,SEG-0140,West Boise,Debris,2025-05-13,2025-07-06,Resolved,High,311 App,43.61854085837403,-116.34924738214397
CMP-00214,SEG-0083,Southwest,Flooding,2024-11-30,2025-01-01,In Review,High,311 App,43.58757473523198,-116.23731477277695
CMP-00215,SEG-0222,Southwest,Debris,2024-04-25,2024-06-16,Resolved,Critical,Phone,43.57205062939671,-116.2201505388595
CMP-00216,SEG-0063,Downtown,Pavement Failure,2024-10-10,2024-12-06,Resolved,High,311 App,43.613318695288655,-116.2196991049248
CMP-00217,SEG-0063,Downtown,Pothole,2025-12-10,2026-01-07,Pending,High,311 App,43.61508675898827,-116.22044021001402
CMP-00218,SEG-0217,Southeast,Sidewalk,2024-11-26,2024-12-13,Resolved,High,Email,43.540614450802366,-116.18869467379159
CMP-00219,SEG-0169,West Boise,Sidewalk,2024-12-29,2025-02-13,In Review,Medium,Phone,43.601091968004354,-116.27629942331492
CMP-00220,SEG-0266,North End,Pothole,2024-01-27,2024-03-22,Resolved,High,311 App,43.64774284419198,-116.18105865500306
CMP-00221,SEG-0182,West Boise,Crack,2024-08-01,,Pending,High,Phone,43.64014220906567,-116.25961705676256
CMP-00222,SEG-0287,East Bench,Pothole,2024-05-20,2024-06-18,Pending,Low,Email,43.599816131151194,-116.16229324755012
CMP-00223,SEG-0159,West Boise,Crack,2024-02-20,2024-03-17,Resolved,Critical,311 App,43.61137040726952,-116.29357861286465
CMP-00224,SEG-0259,North End,Sidewalk,2025-06-12,,Resolved,Low,Email,43.637595568003086,-116.19574643859298
CMP-00225,SEG-0231,North End,Pothole,2025-03-01,,In Review,High,Email,43.65760113814678,-116.21300403056499
CMP-00226,SEG-0118,East Bench,Sign Damage,2024-01-08,,Pending,Low,Web Form,43.597482569773724,-116.15520407310044
CMP-00227,SEG-0265,North End,Pavement Failure,2025-10-29,,Resolved,Critical,Email,43.645005400118094,-116.20267106213633
CMP-00228,SEG-0045,West Boise,Sidewalk,2024-11-27,,Resolved,Medium,311 App,43.641126793211654,-116.28623696674047
CMP-00229,SEG-0269,Downtown,Sidewalk,2024-02-09,,Resolved,High,Web Form,43.61285622013113,-116.20988099718126
CMP-00230,SEG-0015,Downtown,Pavement Failure,2024-06-27,2024-07-07,In Review,Medium,Web Form,43.61262430964652,-116.22156243369619
CMP-00231,SEG-0064,Downtown,Sign Damage,2025-05-24,,In Review,High,Web Form,43.61927165427831,-116.22188608727505
CMP-00232,SEG-0296,Southwest,Pavement Failure,2024-01-30,2024-02-02,Resolved,Critical,311 App,43.571004899688994,-116.24441499082093
CMP-00233,SEG-0143,West Boise,Pothole,2024-06-22,,Pending,Medium,311 App,43.638335531514294,-116.35579769710014
CMP-00234,SEG-0223,Southwest,Debris,2025-04-20,2025-06-14,Pending,Medium,311 App,43.56176672352994,-116.21956205207648
CMP-00235,SEG-0231,North End,Debris,2024-05-11,,Pending,Low,Email,43.658551206836364,-116.2101276425842
CMP-00236,SEG-0170,West Boise,Crack,2024-05-08,,Resolved,Medium,311 App,43.60097274095103,-116.2770079277295
CMP-00237,SEG-0159,West Boise,Crack,2025-09-21,,Pending,Medium,Web Form,43.61231350303526,-116.29038317302064
CMP-00238,SEG-0057,West Boise,Flooding,2025-06-16,2025-08-12,Resolved,High,Email,43.61798008279363,-116.26998111600294
CMP-00239,SEG-0044,West Boise,Sign Damage,2024-02-05,2024-03-28,In Review,Low,Phone,43.64550612247581,-116.28078871307758
CMP-00240,SEG-0192,Southwest,Flooding,2024-08-31,,Resolved,Critical,Email,43.59892072179985,-116.23053600693808
CMP-00241,SEG-0210,Downtown,Sign Damage,2025-08-14,2025-08-28,In Review,High,Email,43.61933927651408,-116.19075777922107
CMP-00242,SEG-0098,Southeast,Crack,2024-12-11,,Pending,High,Email,43.570525031159306,-116.19889073597338
CMP-00243,SEG-0156,West Boise,Pothole,2024-12-16,2025-01-02,Pending,Critical,311 App,43.649925014199475,-116.29826208732275
CMP-00244,SEG-0133,Southeast,Debris,2025-04-13,2025-04-21,In Review,High,Phone,43.54210622695576,-116.19178787837802
CMP-00245,SEG-0127,Southeast,Crack,2024-03-25,2024-04-27,Pending,Medium,Phone,43.59636005126478,-116.18853557163358
CMP-00246,SEG-0200,Southeast,Crack,2024-12-28,2025-02-16,In Review,Low,Web Form,43.5401578288147,-116.19922522100964
CMP-00247,SEG-0033,West Boise,Pothole,2024-06-19,,In Review,Medium,Phone,43.65538995517119,-116.30387758327448
CMP-00248,SEG-0182,West Boise,Flooding,2025-09-16,2025-09-29,Resolved,Critical,Web Form,43.637956089598084,-116.25839900574029
CMP-00249,SEG-0224,Southwest,Pavement Failure,2025-05-02,2025-05-11,Pending,Low,311 App,43.59900531696404,-116.2239289704858
CMP-00250,SEG-0014,Southwest,Pothole,2025-09-19,2025-09-24,Pending,Medium,Phone,43.54566772849054,-116.22172498817287
CMP-00251,SEG-0043,West Boise,Crack,2024-09-05,,In Review,Critical,Email,43.64425166562037,-116.27833270679204
CMP-00252,SEG-0036,North End,Crack,2024-08-19,2024-09-06,Pending,Low,Phone,43.650286324365716,-116.21425336625767
CMP-00253,SEG-0246,Downtown,Pothole,2024-12-01,,In Review,High,311 App,43.606284632121465,-116.18077221400264
CMP-00254,SEG-0064,Downtown,Pothole,2025-03-24,,In Review,Critical,Phone,43.61706561093236,-116.21808402816194
CMP-00255,SEG-0193,Southwest,Sign Damage,2024-12-15,2024-12-18,Pending,Low,Email,43.54752964229635,-116.2320781759616
CMP-00256,SEG-0243,Downtown,Debris,2025-05-13,2025-05-28,Resolved,Low,Web Form,43.60332317037956,-116.1736001383464
CMP-00257,SEG-0291,Southeast,Pothole,2025-12-19,2026-01-15,In Review,Low,Web Form,43.56179629999959,-116.1769612294625
CMP-00258,SEG-0215,Downtown,Pavement Failure,2025-10-17,2025-11-13,Pending,High,311 App,43.61495370443956,-116.18872161752468
CMP-00259,SEG-0280,East Bench,Sign Damage,2025-08-22,2025-09-29,In Review,High,311 App,43.58784921015205,-116.16379895669876
CMP-00260,SEG-0239,Downtown,Debris,2025-09-13,2025-10-08,In Review,Critical,311 App,43.61613464923512,-116.20073562786179
CMP-00261,SEG-0076,Southwest,Sidewalk,2024-04-10,2024-04-18,Resolved,High,Email,43.60126113415938,-116.21498684399653
CMP-00262,SEG-0255,Downtown,Sign Damage,2025-10-24,2025-12-18,In Review,Low,Email,43.61401064268533,-116.19734852660321
CMP-00263,SEG-0234,North End,Debris,2025-11-16,2025-11-30,Resolved,Low,Web Form,43.66890021680153,-116.17817732122863
CMP-00264,SEG-0172,West Boise,Flooding,2025-04-12,2025-04-29,In Review,High,Web Form,43.62424931825178,-116.27540419566904
CMP-00265,SEG-0135,Southeast,Pavement Failure,2024-02-18,,In Review,High,Phone,43.53965052407308,-116.19637576438261
CMP-00266,SEG-0266,North End,Flooding,2024-11-25,2025-01-13,Resolved,Critical,311 App,43.64776805306696,-116.17985438909237
CMP-00267,SEG-0059,West Boise,Flooding,2024-08-21,,Resolved,Low,Email,43.617707697380006,-116.31083622922779
CMP-00268,SEG-0287,East Bench,Sidewalk,2025-01-26,,In Review,Critical,Web Form,43.59769400499099,-116.16395892360282
CMP-00269,SEG-0036,North End,Pothole,2024-06-12,2024-07-03,Resolved,Medium,Web Form,43.653098321304384,-116.21202208679598
CMP-00270,SEG-0148,West Boise,Debris,2025-07-27,2025-08-22,In Review,Low,Phone,43.62612245469268,-116.33714333772905
CMP-00271,SEG-0261,North End,Crack,2025-11-10,2025-11-27,In Review,High,Web Form,43.63908102695766,-116.17961696669694
CMP-00272,SEG-0143,West Boise,Flooding,2024-10-27,2024-11-02,Resolved,Critical,311 App,43.63763961437166,-116.35544295273866
CMP-00273,SEG-0164,Southwest,Pavement Failure,2024-01-27,2024-03-21,Resolved,Medium,Phone,43.595475423607105,-116.29449589870357
CMP-00274,SEG-0290,Southeast,Pothole,2024-10-30,,In Review,Critical,Email,43.5396581033634,-116.19152309538417
CMP-00275,SEG-0229,North End,Debris,2025-02-26,,In Review,Critical,Email,43.64407717112128,-116.20163001628599
CMP-00276,SEG-0222,Southwest,Crack,2024-09-26,2024-10-20,Pending,High,311 App,43.57287536437122,-116.22268102879185
CMP-00277,SEG-0010,Southwest,Debris,2025-12-20,,In Review,Medium,311 App,43.544318044099974,-116.2451281255631
CMP-00278,SEG-0266,North End,Sidewalk,2025-05-02,2025-05-09,In Review,Medium,Web Form,43.649303258143604,-116.1797401361544
CMP-00279,SEG-0248,Downtown,Sidewalk,2024-08-17,2024-09-23,Resolved,Critical,Email,43.60864353178594,-116.2036792629988
CMP-00280,SEG-0214,Downtown,Sign Damage,2024-06-24,,In Review,Low,Web Form,43.599906505789384,-116.18857276394331
CMP-00281,SEG-0228,North End,Pavement Failure,2024-12-28,,Pending,High,311 App,43.67522244875353,-116.19793876073459
CMP-00282,SEG-0204,Southeast,Pavement Failure,2024-05-16,2024-05-30,Pending,High,Web Form,43.5641321329818,-116.19972057054048
CMP-00283,SEG-0106,Southwest,Debris,2025-02-20,,In Review,High,311 App,43.55593855408935,-116.24737611631464
CMP-00284,SEG-0221,Southeast,Pothole,2025-08-24,,In Review,Low,Email,43.59592152137044,-116.1856217746517
CMP-00285,SEG-0280,East Bench,Sidewalk,2025-09-07,2025-09-19,Resolved,Low,Email,43.58677466847418,-116.16577683954951
CMP-00286,SEG-0263,North End,Sign Damage,2025-02-17,2025-04-02,Pending,Critical,Email,43.66623203801344,-116.20877481865146
CMP-00287,SEG-0135,Southeast,Sign Damage,2024-12-29,,Pending,Critical,311 App,43.539551265522135,-116.19785328898094
CMP-00288,SEG-0234,North End,Sign Damage,2025-10-24,2025-11-15,Resolved,High,311 App,43.67202220504779,-116.18161639644319
CMP-00289,SEG-0133,Southeast,Crack,2025-11-30,,Resolved,Low,311 App,43.539920438653255,-116.19179094445361
CMP-00290,SEG-0247,Downtown,Pothole,2025-08-04,2025-09-28,Resolved,Medium,Email,43.60495414682028,-116.21589350457096
CMP-00291,SEG-0274,Downtown,Flooding,2025-11-30,2026-01-08,In Review,Medium,Email,43.61577647026414,-116.20156531222213
CMP-00292,SEG-0228,North End,Pothole,2024-06-01,2024-06-30,In Review,Low,311 App,43.67559681933851,-116.1986553386071
CMP-00293,SEG-0172,West Boise,Debris,2024-12-23,2025-01-30,Resolved,Low,Email,43.62112763878594,-116.27577798951776
CMP-00294,SEG-0091,Southwest,Pavement Failure,2024-12-11,2025-02-09,In Review,Critical,Email,43.573583044402014,-116.26497217967956
CMP-00295,SEG-0275,Downtown,Crack,2024-09-09,,Pending,Medium,Email,43.598166361551236,-116.20437450326
CMP-00296,SEG-0298,West Boise,Pavement Failure,2025-05-06,2025-07-04,In Review,Low,311 App,43.63769805039951,-116.29858578774524
CMP-00297,SEG-0292,Southeast,Sign Damage,2025-08-11,2025-09-14,In Review,Medium,Web Form,43.53928126568006,-116.17070638171948
CMP-00298,SEG-0261,North End,Sign Damage,2025-10-03,2025-10-31,Resolved,Critical,311 App,43.63945895762778,-116.18201594200441
CMP-00299,SEG-0222,Southwest,Sidewalk,2025-02-02,,Pending,Low,311 App,43.56979531560906,-116.22286225000921
CMP-00300,SEG-0279,East Bench,Flooding,2025-08-07,2025-09-18,In Review,Low,311 App,43.609603830195866,-116.1492692163112
CMP-00301,SEG-0270,Downtown,Sidewalk,2025-07-04,,In Review,Critical,Phone,43.625637982334695,-116.19607246645107
CMP-00302,SEG-0131,Southeast,Crack,2024-08-07,,Resolved,High,311 App,43.59585613829504,-116.20001889916638
CMP-00303,SEG-0127,Southeast,Sign Damage,2025-09-19,,Resolved,Low,Web Form,43.593018955138454,-116.18846145045984
CMP-00304,SEG-0006,Southeast,Sidewalk,2024-12-04,2024-12-29,Resolved,High,Email,43.54154702714479,-116.1954143223224
CMP-00305,SEG-0264,North End,Sign Damage,2025-11-15,,In Review,High,Phone,43.65149209116908,-116.18085065456366
CMP-00306,SEG-0290,Southeast,Sidewalk,2025-02-23,2025-03-22,Pending,Critical,Web Form,43.54137053698006,-116.19297001393673
CMP-00307,SEG-0051,West Boise,Pavement Failure,2024-09-16,2024-10-27,Pending,Low,Email,43.63397855298754,-116.33801400251035
CMP-00308,SEG-0050,West Boise,Sidewalk,2024-04-27,,Pending,Low,Phone,43.63158075882147,-116.31069253305913
CMP-00309,SEG-0001,Southeast,Sign Damage,2025-11-28,2026-01-12,Pending,High,Web Form,43.54525903237326,-116.2009540032414
CMP-00310,SEG-0134,Southeast,Crack,2025-02-08,2025-04-06,Resolved,Critical,Phone,43.539525460119904,-116.16555876614679
CMP-00311,SEG-0131,Southeast,Pothole,2024-04-21,,Pending,Medium,311 App,43.596050165644094,-116.19877436354555
CMP-00312,SEG-0265,North End,Pavement Failure,2025-09-22,,Resolved,Critical,311 App,43.64759350704782,-116.2045135228434
CMP-00313,SEG-0278,East Bench,Debris,2024-08-03,2024-08-06,Resolved,Medium,Web Form,43.6082809502222,-116.17599679133528
CMP-00314,SEG-0190,Southwest,Pavement Failure,2025-04-18,,Resolved,Critical,Email,43.54862139006957,-116.25859277760429
CMP-00315,SEG-0190,Southwest,Pavement Failure,2024-07-07,2024-07-29,In Review,Critical,311 App,43.55149434925105,-116.25948246847024
CMP-00316,SEG-0159,West Boise,Crack,2025-06-25,,Resolved,High,311 App,43.611444463200954,-116.29401847461217
CMP-00317,SEG-0263,North End,Pavement Failure,2024-01-18,2024-01-29,Pending,High,311 App,43.66625194590681,-116.20973282960807
CMP-00318,SEG-0045,West Boise,Pothole,2025-01-25,,Pending,Low,Phone,43.64366370500053,-116.28671921911705
CMP-00319,SEG-0200,Southeast,Sign Damage,2024-01-21,2024-03-20,In Review,Critical,Web Form,43.540742439944026,-116.20045293145031
CMP-00320,SEG-0039,North End,Flooding,2024-08-31,2024-10-10,Pending,Critical,Email,43.653454706089576,-116.22251744832712
CMP-00321,SEG-0093,Southwest,Flooding,2025-01-03,,In Review,Medium,Email,43.569810561922345,-116.31254825003957
CMP-00322,SEG-0293,Southeast,Crack,2024-01-22,2024-02-11,Resolved,Critical,Email,43.57151774330377,-116.1677740058967
CMP-00323,SEG-0262,North End,Pavement Failure,2025-02-15,,Pending,Medium,Email,43.64635856262003,-116.20980909749565
CMP-00324,SEG-0216,Southeast,Flooding,2025-03-30,2025-04-29,Pending,High,Email,43.583296458714344,-116.1886742529214
CMP-00325,SEG-0147,West Boise,Crack,2025-12-30,,In Review,High,Email,43.60121782206483,-116.33277109368062
CMP-00326,SEG-0135,Southeast,Sign Damage,2025-10-21,,Resolved,Critical,311 App,43.54098431482518,-116.19764972075782
CMP-00327,SEG-0147,West Boise,Crack,2025-09-30,2025-10-13,Pending,Medium,Email,43.60277348790519,-116.3340998647238
CMP-00328,SEG-0224,Southwest,Debris,2024-01-25,2024-02-19,In Review,Medium,Web Form,43.60193453022081,-116.22342947933379
CMP-00329,SEG-0190,Southwest,Sidewalk,2025-10-18,2025-12-08,Resolved,Medium,Email,43.54927496276369,-116.25877720607674
CMP-00330,SEG-0297,Southwest,Sidewalk,2025-05-13,,In Review,Low,311 App,43.58403684902529,-116.22948099976618
CMP-00331,SEG-0046,West Boise,Pothole,2024-02-24,,Pending,High,Phone,43.64291433722468,-116.27055317366442
CMP-00332,SEG-0159,West Boise,Flooding,2024-03-08,,In Review,Critical,Email,43.61235348308896,-116.29357812801713
CMP-00333,SEG-0293,Southeast,Crack,2025-07-29,,Resolved,Critical,311 App,43.570804220721435,-116.16746684442968
CMP-00334,SEG-0124,Downtown,Flooding,2025-07-19,2025-09-02,In Review,Medium,311 App,43.61381347635989,-116.17641341483863
CMP-00335,SEG-0075,Southwest,Sign Damage,2024-02-10,,Pending,Critical,Email,43.598681831829765,-116.20799718352191
CMP-00336,SEG-0076,Southwest,Debris,2025-01-06,2025-02-13,Resolved,Critical,311 App,43.601881186827775,-116.21407358368779
CMP-00337,SEG-0093,Southwest,Flooding,2024-12-13,2025-02-08,Resolved,Medium,Phone,43.56831012439573,-116.31336650736446
CMP-00338,SEG-0082,Southwest,Pavement Failure,2024-04-23,2024-06-13,Resolved,High,Web Form,43.59051463272574,-116.267971952902
CMP-00339,SEG-0156,West Boise,Pothole,2025-09-09,2025-10-11,In Review,Critical,Phone,43.64752686391363,-116.29775613689876
CMP-00340,SEG-0045,West Boise,Sign Damage,2025-06-16,2025-06-18,Pending,Medium,311 App,43.643212620464524,-116.28405794045965
CMP-00341,SEG-0111,East Bench,Flooding,2025-03-19,,In Review,Critical,311 App,43.6071396754565,-116.17687450477091
CMP-00342,SEG-0083,Southwest,Debris,2025-10-01,,Resolved,High,Email,43.58543556958701,-116.23769551612294
CMP-00343,SEG-0278,East Bench,Sign Damage,2025-12-12,2026-01-26,Pending,High,Email,43.60647178014765,-116.17563148524962
CMP-00344,SEG-0016,Downtown,Flooding,2024-09-24,2024-10-26,Pending,Low,Email,43.61005010445928,-116.20192581879122
CMP-00345,SEG-0162,Southwest,Pothole,2024-11-22,2025-01-19,Resolved,Medium,311 App,43.55383284410913,-116.29379657112916
CMP-00346,SEG-0237,Downtown,Pothole,2025-08-08,2025-09-27,Resolved,Low,311 App,43.62694601410052,-116.19961246076804
CMP-00347,SEG-0154,West Boise,Pavement Failure,2024-03-13,,Pending,High,311 App,43.60606826073223,-116.31589533433723
CMP-00348,SEG-0200,Southeast,Pavement Failure,2024-03-24,,Resolved,Low,Email,43.541166370918916,-116.20106769701212
CMP-00349,SEG-0131,Southeast,Pavement Failure,2024-03-22,,In Review,Medium,Email,43.596270203715484,-116.19916704949773
CMP-00350,SEG-0262,North End,Flooding,2025-12-24,,In Review,Low,Email,43.64541371138917,-116.2114547464335
CMP-00351,SEG-0085,Southeast,Debris,2024-07-21,,In Review,Medium,311 App,43.58723747237902,-116.20169688096082
CMP-00352,SEG-0291,Southeast,Crack,2024-11-25,2024-12-10,Pending,High,Email,43.56045361781432,-116.17874938794058
CMP-00353,SEG-0200,Southeast,Pothole,2024-12-19,2025-01-22,In Review,High,Web Form,43.54101718837504,-116.20174138665016
CMP-00354,SEG-0255,Downtown,Debris,2024-12-18,2024-12-22,Pending,Low,Email,43.61080599577526,-116.19688392520779
CMP-00355,SEG-0287,East Bench,Flooding,2025-08-25,2025-10-23,In Review,Low,Web Form,43.59925459570621,-116.16443374408094
CMP-00356,SEG-0237,Downtown,Flooding,2025-05-06,,Pending,High,Phone,43.62491244651637,-116.20029478824202
CMP-00357,SEG-0037,North End,Flooding,2025-02-23,2025-03-25,Pending,Critical,Email,43.654128705632466,-116.21234566843839
CMP-00358,SEG-0064,Downtown,Crack,2025-03-05,2025-04-30,Pending,Critical,Phone,43.6183816730098,-116.22194419934051
CMP-00359,SEG-0027,West Boise,Debris,2025-11-08,2025-11-18,Resolved,Medium,311 App,43.63689055746171,-116.26443784711104
CMP-00360,SEG-0261,North End,Sign Damage,2024-07-21,,Resolved,High,Web Form,43.638404957163274,-116.18135586091451
CMP-00361,SEG-0295,Southwest,Crack,2025-03-19,2025-05-13,Pending,Low,Web Form,43.58272175766641,-116.29360637568281
CMP-00362,SEG-0057,West Boise,Crack,2025-05-03,2025-05-13,In Review,Critical,Phone,43.61814638165482,-116.27051012962542
CMP-00363,SEG-0234,North End,Flooding,2024-06-11,,In Review,Critical,311 App,43.67090146327881,-116.17974145311827
CMP-00364,SEG-0261,North End,Crack,2025-01-17,2025-03-14,Pending,Critical,311 App,43.63756483915016,-116.18182196593425
CMP-00365,SEG-0190,Southwest,Sidewalk,2024-11-30,2025-01-28,Pending,Critical,Web Form,43.55022898299184,-116.2574511208095
CMP-00366,SEG-0156,West Boise,Sidewalk,2024-07-18,2024-08-08,In Review,Medium,Phone,43.649319287578216,-116.29777060374187
CMP-00367,SEG-0153,West Boise,Pothole,2024-01-20,,Pending,Medium,Web Form,43.61147023067383,-116.31824023809031
CMP-00368,SEG-0188,Southwest,Sign Damage,2024-09-29,,Resolved,High,Phone,43.588221129827495,-116.25546896289292
CMP-00369,SEG-0096,Southeast,Flooding,2024-08-16,2024-09-06,In Review,Critical,Phone,43.5735047370825,-116.1654983294928
CMP-00370,SEG-0248,Downtown,Crack,2024-11-17,2024-12-22,In Review,Medium,311 App,43.60783747830073,-116.20518174819446
CMP-00371,SEG-0203,Southeast,Crack,2025-06-20,2025-07-09,Pending,Critical,311 App,43.594123708053026,-116.20118303989935
CMP-00372,SEG-0265,North End,Sign Damage,2024-01-30,2024-03-19,Resolved,High,Email,43.64804518761795,-116.20255608099545
CMP-00373,SEG-0229,North End,Sign Damage,2025-01-26,2025-03-06,Pending,Low,Web Form,43.642913772945285,-116.2036658772444
CMP-00374,SEG-0160,West Boise,Crack,2024-10-18,,Pending,Low,311 App,43.59820969393456,-116.2940068478484
CMP-00375,SEG-0264,North End,Pavement Failure,2024-05-25,,Pending,Low,Email,43.65031631327021,-116.18188184920758
CMP-00376,SEG-0241,Downtown,Debris,2024-02-05,2024-02-26,In Review,Low,311 App,43.60423610668651,-116.18225634350836
CMP-00377,SEG-0182,West Boise,Pothole,2024-03-10,,In Review,Medium,Phone,43.636764437623576,-116.25904473227203
CMP-00378,SEG-0224,Southwest,Pothole,2024-03-24,2024-05-12,Pending,Critical,311 App,43.600098717374095,-116.22358472516758
CMP-00379,SEG-0264,North End,Sidewalk,2024-06-07,2024-06-13,Resolved,Critical,Phone,43.64819199659094,-116.17981830249964
CMP-00380,SEG-0015,Downtown,Pavement Failure,2024-09-02,,In Review,Low,311 App,43.611679610237445,-116.21921084892078
CMP-00381,SEG-0263,North End,Crack,2024-02-13,,Resolved,Medium,Web Form,43.66696980101715,-116.20712414769237
CMP-00382,SEG-0005,Southeast,Sign Damage,2024-01-20,2024-02-08,Resolved,Critical,311 App,43.54321752008271,-116.1525613253535
CMP-00383,SEG-0159,West Boise,Pavement Failure,2025-08-19,2025-09-11,Resolved,High,Phone,43.61258772596064,-116.29366997659181
CMP-00384,SEG-0262,North End,Flooding,2025-10-04,2025-10-23,In Review,High,Email,43.64531345328697,-116.21067365633266
CMP-00385,SEG-0248,Downtown,Flooding,2024-12-08,,Pending,Low,Web Form,43.60846159908142,-116.20364182622923
CMP-00386,SEG-0221,Southeast,Crack,2025-11-18,2025-12-14,Resolved,Low,311 App,43.59454980825795,-116.18812508150104
CMP-00387,SEG-0289,Southeast,Debris,2024-07-29,,In Review,High,Phone,43.589119608614716,-116.17494955882933
CMP-00388,SEG-0064,Downtown,Debris,2024-02-25,2024-03-11,Pending,Medium,311 App,43.61802360626162,-116.22113430578024
CMP-00389,SEG-0153,West Boise,Pavement Failure,2024-12-07,,Pending,High,Email,43.61508191794249,-116.31779674808305
CMP-00390,SEG-0137,Southeast,Flooding,2025-05-18,2025-06-26,In Review,Medium,311 App,43.54545348125467,-116.19092935057711
CMP-00391,SEG-0084,Southeast,Pothole,2025-09-26,,Pending,Low,Web Form,43.590365242454446,-116.16695100708436
CMP-00392,SEG-0118,East Bench,Crack,2024-04-09,,In Review,Medium,Email,43.599008385944025,-116.15495271613395
CMP-00393,SEG-0245,Downtown,Sidewalk,2025-10-31,,Resolved,Low,Web Form,43.604042352332556,-116.21692428940338
CMP-00394,SEG-0219,Southeast,Pavement Failure,2024-07-28,,In Review,Low,Email,43.55437932515759,-116.1911076529315
CMP-00395,SEG-0243,Downtown,Pavement Failure,2025-04-11,2025-05-19,In Review,High,Web Form,43.602448235790696,-116.17474707739115
CMP-00396,SEG-0036,North End,Pothole,2025-12-09,,Pending,Critical,311 App,43.64961164467077,-116.21309304990487
CMP-00397,SEG-0284,East Bench,Pothole,2024-06-28,2024-08-04,In Review,Low,Web Form,43.598480606978946,-116.17412451665166
CMP-00398,SEG-0239,Downtown,Flooding,2024-09-30,,Resolved,Medium,Email,43.61696941570931,-116.19911365018052
CMP-00399,SEG-0137,Southeast,Debris,2025-07-30,2025-08-27,In Review,Critical,Phone,43.54585027729465,-116.19149689613869
CMP-00400,SEG-0064,Downtown,Sidewalk,2024-03-31,2024-04-30,Pending,Medium,Web Form,43.6194184053716,-116.22051491088492
CMP-00401,SEG-0278,East Bench,Pavement Failure,2024-05-29,,Pending,Critical,Phone,43.60716384716564,-116.17551156033672
CMP-00402,SEG-0218,Southeast,Pavement Failure,2024-10-26,,Pending,Critical,Web Form,43.54184554566239,-116.18962321776169
CMP-00403,SEG-0231,North End,Flooding,2024-05-20,,In Review,Critical,Email,43.65959481326041,-116.21000480015825
CMP-00404,SEG-0266,North End,Sidewalk,2024-02-13,,In Review,Medium,Web Form,43.64859384416606,-116.17899194763586
CMP-00405,SEG-0287,East Bench,Sidewalk,2025-08-10,,Resolved,Critical,311 App,43.599639773484796,-116.16218710793876
CMP-00406,SEG-0229,North End,Pothole,2025-07-11,,In Review,Low,Web Form,43.64482802106233,-116.20179845224266
CMP-00407,SEG-0053,West Boise,Flooding,2024-08-20,2024-10-10,Pending,Low,Web Form,43.63351141879333,-116.31927634805663
CMP-00408,SEG-0225,Southeast,Sign Damage,2025-02-08,2025-04-02,Resolved,High,Email,43.540751203768004,-116.1980481976835
CMP-00409,SEG-0135,Southeast,Pavement Failure,2025-10-21,2025-12-14,Resolved,Low,311 App,43.540793811659825,-116.19579562521623
CMP-00410,SEG-0205,Southeast,Sign Damage,2024-11-09,,Pending,Medium,311 App,43.59680620228691,-116.20123597371509
CMP-00411,SEG-0206,Southeast,Crack,2024-10-29,,In Review,Low,311 App,43.57554173560586,-116.19819594937209
CMP-00412,SEG-0217,Southeast,Pavement Failure,2025-01-01,2025-01-02,In Review,High,Web Form,43.53955098925158,-116.18866220638061
CMP-00413,SEG-0161,West Boise,Debris,2025-08-26,2025-10-06,In Review,Low,Email,43.60190805384611,-116.29705602061368
CMP-00414,SEG-0118,East Bench,Sidewalk,2024-09-18,2024-11-13,Pending,Low,Email,43.598795364567614,-116.15396307310246
CMP-00415,SEG-0080,Southwest,Sign Damage,2025-12-02,2025-12-04,Resolved,Critical,311 App,43.585829487145304,-116.28616206018603
CMP-00416,SEG-0085,Southeast,Sign Damage,2025-10-08,2025-11-07,In Review,High,Phone,43.58684043493915,-116.20012288200753
CMP-00417,SEG-0046,West Boise,Sign Damage,2025-07-19,2025-09-12,Resolved,Critical,311 App,43.63998117580306,-116.27387146338006
CMP-00418,SEG-0105,Southwest,Pothole,2024-01-29,2024-02-27,In Review,Medium,Email,43.550321964592726,-116.2745938001734
CMP-00419,SEG-0044,West Boise,Flooding,2025-07-02,2025-07-06,In Review,Low,Email,43.64228367471451,-116.27903909627136
CMP-00420,SEG-0064,Downtown,Flooding,2024-02-10,,Pending,Low,Phone,43.62065825907961,-116.22169271739723
CMP-00421,SEG-0046,West Boise,Sidewalk,2024-09-12,,In Review,Medium,Email,43.64011549870319,-116.27365428880145
CMP-00422,SEG-0247,Downtown,Crack,2025-11-30,2026-01-01,In Review,Critical,311 App,43.60463315088237,-116.21621017876899
CMP-00423,SEG-0080,Southwest,Sign Damage,2025-09-11,2025-10-10,Pending,Critical,311 App,43.58676363522664,-116.2847462421325
CMP-00424,SEG-0143,West Boise,Sign Damage,2025-07-10,,Resolved,High,Email,43.6388851262359,-116.35437397906628
CMP-00425,SEG-0124,Downtown,Flooding,2024-09-26,2024-11-08,Pending,Critical,Phone,43.614784464960806,-116.17349786808677
CMP-00426,SEG-0045,West Boise,Crack,2024-06-14,,In Review,Medium,Email,43.64325444786777,-116.28467632443149
CMP-00427,SEG-0135,Southeast,Sidewalk,2025-05-04,,In Review,Medium,Email,43.53927639930772,-116.19929997694658
CMP-00428,SEG-0183,West Boise,Pavement Failure,2024-11-03,,Pending,Low,Web Form,43.653239975944466,-116.25304465163028
CMP-00429,SEG-0200,Southeast,Debris,2025-11-12,,Resolved,High,Phone,43.53927811679008,-116.20102529541074
CMP-00430,SEG-0104,Southwest,Sign Damage,2024-08-06,,Pending,Critical,Phone,43.551862188055644,-116.25773656984755
CMP-00431,SEG-0275,Downtown,Crack,2025-07-08,2025-07-13,In Review,Medium,Phone,43.6014447418976,-116.20433702393204
CMP-00432,SEG-0015,Downtown,Pavement Failure,2024-03-15,2024-03-31,Pending,High,Phone,43.61241990256067,-116.22037443414152
CMP-00433,SEG-0044,West Boise,Sign Damage,2024-02-13,2024-04-03,Resolved,Medium,Web Form,43.64315110491115,-116.27842025395142
CMP-00434,SEG-0035,West Boise,Debris,2024-05-10,2024-06-30,Pending,Medium,Phone,43.651028915404595,-116.27398648928663
CMP-00435,SEG-0146,West Boise,Pothole,2025-03-19,2025-04-15,In Review,Low,Phone,43.62634367229061,-116.3362052058074
CMP-00436,SEG-0014,Southwest,Flooding,2024-10-14,2024-12-05,Pending,High,Web Form,43.54716551561226,-116.22048635246159
CMP-00437,SEG-0164,Southwest,Pavement Failure,2025-12-05,2026-01-10,In Review,Medium,Email,43.595062301025955,-116.29497630369825
CMP-00438,SEG-0021,Downtown,Pothole,2025-06-29,2025-08-09,Pending,High,Web Form,43.61222300607135,-116.21962226472755
CMP-00439,SEG-0101,Southeast,Crack,2024-11-27,2025-01-03,Pending,High,Phone,43.57049894085547,-116.19992931295407
CMP-00440,SEG-0111,East Bench,Pavement Failure,2024-09-27,2024-11-09,Resolved,Medium,Web Form,43.60656786420176,-116.17425608136172
CMP-00441,SEG-0036,North End,Sidewalk,2025-07-20,,Pending,Medium,311 App,43.65236137079414,-116.211318417318
CMP-00442,SEG-0163,Southwest,Sidewalk,2024-07-29,2024-09-08,Pending,Medium,Email,43.57103999449389,-116.29621947905623
CMP-00443,SEG-0245,Downtown,Crack,2025-08-04,2025-08-26,Pending,Low,Web Form,43.603972717111304,-116.21724575191888
CMP-00444,SEG-0063,Downtown,Crack,2025-02-06,,Pending,Critical,Email,43.616331004075256,-116.21979742325593
CMP-00445,SEG-0225,Southeast,Flooding,2025-06-07,2025-06-20,Resolved,Critical,Email,43.540381087097764,-116.20009452738056
CMP-00446,SEG-0038,North End,Pothole,2024-05-02,,Pending,Low,311 App,43.65469069884819,-116.22274557591238
CMP-00447,SEG-0153,West Boise,Pothole,2024-10-01,,In Review,Critical,Phone,43.61130474953447,-116.31756281219606
CMP-00448,SEG-0293,Southeast,Debris,2024-04-24,,In Review,High,Web Form,43.57039421057227,-116.16901804667293
CMP-00449,SEG-0223,Southwest,Debris,2025-08-07,2025-10-06,Pending,Medium,Phone,43.56061281626301,-116.2191035199691
CMP-00450,SEG-0228,North End,Sign Damage,2024-06-24,2024-08-16,Resolved,Low,Phone,43.67273271100364,-116.19694017556458
CMP-00451,SEG-0162,Southwest,Pothole,2024-10-03,2024-10-11,Resolved,Critical,Phone,43.55382909802829,-116.2920665711759
CMP-00452,SEG-0229,North End,Pothole,2024-08-13,,Resolved,High,Email,43.64340855028453,-116.20205813466234
CMP-00453,SEG-0093,Southwest,Sidewalk,2024-08-06,,Resolved,Critical,Email,43.567584110224196,-116.31311934244465
CMP-00454,SEG-0064,Downtown,Debris,2025-09-21,2025-09-23,Pending,Medium,Email,43.61853060115807,-116.21849941314686
CMP-00455,SEG-0262,North End,Sign Damage,2024-01-22,2024-03-02,Pending,Medium,Web Form,43.645252062942724,-116.2111705721843
CMP-00456,SEG-0175,Southwest,Sidewalk,2025-11-30,,Pending,Medium,Phone,43.561181847123905,-116.27744359086077
CMP-00457,SEG-0200,Southeast,Debris,2024-10-24,2024-11-18,Pending,Low,Phone,43.54058190902166,-116.20174122016275
CMP-00458,SEG-0084,Southeast,Flooding,2024-01-23,,Pending,Critical,311 App,43.59054882988799,-116.16696928604445
CMP-00459,SEG-0131,Southeast,Crack,2024-04-01,2024-04-24,Pending,High,Web Form,43.59491412300343,-116.2013258333737
CMP-00460,SEG-0281,East Bench,Sidewalk,2025-10-22,2025-11-25,Resolved,Low,Email,43.622223287359716,-116.13599215903554
CMP-00461,SEG-0039,North End,Pavement Failure,2024-06-11,,In Review,Low,Web Form,43.6500940214452,-116.21940195962503
CMP-00462,SEG-0265,North End,Sign Damage,2024-10-27,,Pending,Medium,Phone,43.646579857506026,-116.20586148481296
CMP-00463,SEG-0247,Downtown,Pavement Failure,2024-04-04,2024-05-11,In Review,Medium,Web Form,43.606418754206125,-116.21299893557789
CMP-00464,SEG-0163,Southwest,Crack,2024-08-29,,In Review,Low,311 App,43.57263134525363,-116.2967098234813
CMP-00465,SEG-0191,Southwest,Sign Damage,2025-06-30,,In Review,High,Phone,43.59861087443035,-116.25451739958183
CMP-00466,SEG-0104,Southwest,Crack,2024-01-09,,Pending,Low,311 App,43.553041222704856,-116.25861999494933
CMP-00467,SEG-0263,North End,Debris,2024-05-15,,Pending,High,Email,43.66666115568134,-116.20944741997795
CMP-00468,SEG-0291,Southeast,Debris,2024-09-11,,Resolved,Low,Email,43.55897061701013,-116.17874219001685
CMP-00469,SEG-0111,East Bench,Debris,2025-05-16,2025-06-11,In Review,Critical,Email,43.60965641959618,-116.17322685863019
CMP-00470,SEG-0269,Downtown,Pavement Failure,2025-09-12,2025-11-05,Pending,High,Email,43.61105358210966,-116.20974229266251
CMP-00471,SEG-0290,Southeast,Debris,2024-02-07,,Pending,High,311 App,43.54041758301568,-116.19207834798435
CMP-00472,SEG-0229,North End,Sign Damage,2025-01-17,,Resolved,Low,Phone,43.64283215015099,-116.20190318529825
CMP-00473,SEG-0127,Southeast,Crack,2025-08-27,2025-10-14,In Review,High,Email,43.593977967117496,-116.18935748782263
CMP-00474,SEG-0137,Southeast,Sign Damage,2025-03-25,,Pending,Critical,Web Form,43.546517533749956,-116.19261380277912
CMP-00475,SEG-0248,Downtown,Crack,2024-02-22,,In Review,Low,Web Form,43.608151142567785,-116.20402177955815
CMP-00476,SEG-0128,Southeast,Debris,2025-10-31,2025-11-05,Pending,High,Email,43.593162097660716,-116.1963225701531
CMP-00477,SEG-0020,Downtown,Crack,2024-03-10,,Pending,Medium,311 App,43.60946539824621,-116.22141624388861
CMP-00478,SEG-0208,Southeast,Debris,2024-10-03,,Resolved,High,311 App,43.539793434631925,-116.20066383627658
CMP-00479,SEG-0136,Southeast,Flooding,2024-12-21,2025-01-09,Resolved,Low,Email,43.545203969923485,-116.1589853672935
CMP-00480,SEG-0234,North End,Pavement Failure,2025-11-13,2025-12-30,In Review,Low,Phone,43.67223679032876,-116.18034830004544
CMP-00481,SEG-0202,Southeast,Flooding,2025-03-26,2025-05-06,Resolved,Medium,Phone,43.5383727584069,-116.20046444185746
CMP-00482,SEG-0272,Downtown,Pothole,2024-02-12,,Resolved,Medium,Email,43.610107179515175,-116.20139264379193
CMP-00483,SEG-0196,Southwest,Flooding,2024-06-04,2024-07-11,Resolved,Low,311 App,43.59865356576022,-116.23576815603109
CMP-00484,SEG-0128,Southeast,Crack,2024-03-08,,In Review,Critical,311 App,43.5933198781213,-116.19840957487597
CMP-00485,SEG-0126,Southeast,Sidewalk,2025-09-23,2025-10-17,Pending,High,Web Form,43.59552609809234,-116.18877786772732
CMP-00486,SEG-0237,Downtown,Debris,2025-11-29,2026-01-06,In Review,High,Phone,43.62490479558154,-116.20088809921235
CMP-00487,SEG-0147,West Boise,Sign Damage,2024-12-02,2024-12-22,In Review,Critical,311 App,43.60283340181088,-116.33462563003488
CMP-00488,SEG-0058,West Boise,Crack,2024-04-19,2024-05-25,Resolved,Medium,Email,43.61470469863538,-116.29036979347079
CMP-00489,SEG-0236,North End,Pavement Failure,2025-06-01,,Pending,Critical,Web Form,43.67057233811954,-116.17995102324217
CMP-00490,SEG-0114,East Bench,Flooding,2025-11-09,,Resolved,Critical,Email,43.598555243339305,-116.16171781622988
CMP-00491,SEG-0137,Southeast,Flooding,2024-02-01,,Resolved,High,Phone,43.54493407984659,-116.19047580591595
CMP-00492,SEG-0010,Southwest,Sign Damage,2025-02-09,2025-03-07,Resolved,High,Phone,43.54283629089631,-116.24760542229247
CMP-00493,SEG-0278,East Bench,Pothole,2024-11-30,2025-01-24,Resolved,Low,311 App,43.6080277771924,-116.17696604054719
CMP-00494,SEG-0053,West Boise,Sidewalk,2025-05-19,2025-07-18,In Review,Medium,311 App,43.63059234904525,-116.32175370771931
CMP-00495,SEG-0171,West Boise,Sidewalk,2025-01-10,2025-03-10,In Review,High,311 App,43.59816171932713,-116.27146348109275
CMP-00496,SEG-0266,North End,Pothole,2024-02-09,2024-02-15,In Review,Low,Phone,43.649591170734936,-116.17873177545813
CMP-00497,SEG-0245,Downtown,Debris,2025-05-17,,Pending,Low,Web Form,43.60402946401432,-116.21690265373164
CMP-00498,SEG-0003,Southeast,Debris,2024-06-10,2024-07-25,Resolved,Critical,Phone,43.546595128110994,-116.18658886505219
CMP-00499,SEG-0116,East Bench,Sign Damage,2025-11-11,,Pending,High,Web Form,43.59555061307804,-116.13186137028555
CMP-00500,SEG-0050,West Boise,Flooding,2024-08-28,2024-10-22,In Review,High,Phone,43.63039572511665,-116.31076711632849
CMP-00501,SEG-0237,Downtown,Pothole,2024-03-22,,Resolved,Low,Email,43.62450443897096,-116.19808592107864
CMP-00502,SEG-0080,Southwest,Crack,2024-12-06,2025-01-13,In Review,Critical,Email,43.58556952225812,-116.2846175069195
CMP-00503,SEG-0230,North End,Flooding,2025-11-18,2025-12-26,In Review,Medium,Email,43.62662472665411,-116.20061716266905
CMP-00504,SEG-0194,Southwest,Pothole,2024-12-19,,Pending,Critical,Phone,43.56694207523589,-116.2302959842128
CMP-00505,SEG-0200,Southeast,Crack,2025-12-27,2026-01-25,Pending,Critical,Web Form,43.54183226045714,-116.19899394355517
CMP-00506,SEG-0032,West Boise,Sidewalk,2024-07-07,,Resolved,High,Email,43.650042865333766,-116.27240191616237
CMP-00507,SEG-0137,Southeast,Debris,2024-02-13,2024-02-29,In Review,Critical,Web Form,43.54661722758466,-116.19158386244068
CMP-00508,SEG-0124,Downtown,Flooding,2024-01-10,2024-02-25,In Review,High,Web Form,43.61116894922735,-116.17506880653585
CMP-00509,SEG-0030,West Boise,Crack,2025-05-28,,Pending,High,Email,43.65655834548261,-116.32413647572284
CMP-00510,SEG-0165,Southwest,Sidewalk,2025-09-18,,In Review,Low,Email,43.543648570086454,-116.29706309941163
CMP-00511,SEG-0118,East Bench,Flooding,2025-04-12,,Resolved,Critical,311 App,43.597939070270705,-116.1529310625014
CMP-00512,SEG-0259,North End,Flooding,2025-09-15,2025-11-14,In Review,Medium,Email,43.63569180201758,-116.19361394721591
CMP-00513,SEG-0134,Southeast,Flooding,2024-08-22,2024-09-29,Pending,High,311 App,43.54113997127334,-116.16937882341415
CMP-00514,SEG-0106,Southwest,Pothole,2025-04-05,,Pending,Low,311 App,43.55526456470976,-116.24649346117617
CMP-00515,SEG-0164,Southwest,Debris,2025-07-13,2025-07-15,In Review,High,311 App,43.595700542403364,-116.29542129502686
CMP-00516,SEG-0269,Downtown,Pothole,2025-07-19,,Resolved,Critical,Web Form,43.61109494687012,-116.2105495898714
CMP-00517,SEG-0183,West Boise,Pavement Failure,2025-03-15,,Resolved,Critical,311 App,43.65339783975869,-116.2524726720856
CMP-00518,SEG-0073,Southwest,Flooding,2024-06-22,2024-08-04,Pending,Medium,Email,43.59881637331036,-116.27929437080141
CMP-00519,SEG-0064,Downtown,Debris,2024-10-22,,In Review,Low,311 App,43.62071525442134,-116.21850711536045
CMP-00520,SEG-0018,Downtown,Sidewalk,2024-01-04,2024-01-09,Pending,Medium,311 App,43.610688601171354,-116.19724088064403
CMP-00521,SEG-0153,West Boise,Sign Damage,2025-07-01,2025-07-09,In Review,High,311 App,43.61257003624526,-116.31983587958737
CMP-00522,SEG-0241,Downtown,Pavement Failure,2024-07-12,2024-07-29,Resolved,Low,311 App,43.60199416852551,-116.18374259524916
CMP-00523,SEG-0231,North End,Sidewalk,2025-12-07,2026-01-07,In Review,High,311 App,43.657940723103685,-116.21189488716338
CMP-00524,SEG-0102,Southwest,Sidewalk,2024-04-16,2024-06-05,Pending,Medium,Phone,43.549954574746764,-116.27372004306783
CMP-00525,SEG-0257,Downtown,Pavement Failure,2025-12-15,,Resolved,Critical,Email,43.615676102405374,-116.20007489047262
CMP-00526,SEG-0189,Southwest,Crack,2024-02-12,,Resolved,High,311 App,43.58844464957931,-116.25581231979619
CMP-00527,SEG-0194,Southwest,Flooding,2025-03-01,2025-03-02,Pending,Low,Phone,43.56706408953786,-116.22977140603302
CMP-00528,SEG-0269,Downtown,Sign Damage,2024-04-29,2024-05-30,In Review,High,311 App,43.6128857861925,-116.21304407961314
CMP-00529,SEG-0214,Downtown,Debris,2024-11-20,,Pending,High,311 App,43.601434627655344,-116.19117834797493
CMP-00530,SEG-0275,Downtown,Sign Damage,2024-05-20,2024-07-12,Resolved,High,Web Form,43.60139894799626,-116.20068375894468
CMP-00531,SEG-0061,Downtown,Flooding,2025-01-07,,In Review,High,Email,43.613242928942746,-116.20622398454198
CMP-00532,SEG-0269,Downtown,Crack,2025-12-29,,In Review,Low,Web Form,43.6108394967272,-116.20927544364046
CMP-00533,SEG-0263,North End,Debris,2024-11-21,2024-12-03,Resolved,Low,Phone,43.66587431481995,-116.2089020459084
CMP-00534,SEG-0012,Southwest,Sidewalk,2025-07-08,2025-07-14,In Review,High,Web Form,43.54430674287246,-116.29251240086887
CMP-00535,SEG-0202,Southeast,Pothole,2024-11-15,2024-12-12,In Review,High,Web Form,43.5409643772856,-116.20145243346487
CMP-00536,SEG-0050,West Boise,Sign Damage,2025-08-25,,Resolved,Critical,Web Form,43.6310569547593,-116.31093443626521
CMP-00537,SEG-0045,West Boise,Pothole,2025-07-28,2025-08-13,Pending,Medium,Phone,43.643208943027204,-116.28458393909987
CMP-00538,SEG-0252,Downtown,Crack,2025-10-07,2025-11-07,In Review,Medium,Phone,43.61608244668094,-116.18585629745651
CMP-00539,SEG-0018,Downtown,Pavement Failure,2024-09-01,2024-09-02,In Review,High,Phone,43.609599611230955,-116.19763935319342
CMP-00540,SEG-0064,Downtown,Sidewalk,2025-09-19,2025-10-02,In Review,High,Web Form,43.61732884204663,-116.21810511402515
CMP-00541,SEG-0206,Southeast,Crack,2025-08-15,,In Review,Low,Email,43.57554799713923,-116.1995789763183
CMP-00542,SEG-0234,North End,Pavement Failure,2024-04-27,2024-05-10,Pending,Medium,Phone,43.671762784922144,-116.17953918353916
CMP-00543,SEG-0026,West Boise,Pothole,2024-09-11,,Resolved,Medium,311 App,43.63639400993824,-116.28125272732535
CMP-00544,SEG-0231,North End,Pothole,2024-08-11,,In Review,Low,Phone,43.65944894601914,-116.21013211716912
CMP-00545,SEG-0148,West Boise,Sign Damage,2024-04-19,,Resolved,Medium,311 App,43.629224204568175,-116.33868955354997
CMP-00546,SEG-0147,West Boise,Sign Damage,2025-11-06,2025-11-24,In Review,Medium,Phone,43.59985212585894,-116.33441428724157
CMP-00547,SEG-0063,Downtown,Sign Damage,2025-11-09,,Pending,Critical,311 App,43.61360044505439,-116.22026682643701
CMP-00548,SEG-0140,West Boise,Flooding,2024-03-02,2024-04-05,Resolved,Critical,311 App,43.61980322636315,-116.35266720855465
CMP-00549,SEG-0272,Downtown,Sidewalk,2025-03-12,2025-04-12,In Review,Low,Email,43.60922137191484,-116.20048599994158
CMP-00550,SEG-0291,Southeast,Sign Damage,2025-12-05,2026-01-28,Pending,High,Phone,43.560348401149646,-116.17813848283909
CMP-00551,SEG-0280,East Bench,Crack,2024-08-28,2024-09-22,In Review,Medium,311 App,43.584930703170336,-116.16562066368478
CMP-00552,SEG-0255,Downtown,Pavement Failure,2024-04-11,,In Review,High,Email,43.61083919824716,-116.19759237653003
CMP-00553,SEG-0269,Downtown,Sidewalk,2024-09-04,2024-09-21,Resolved,Medium,Email,43.614295806982526,-116.21316051665005
CMP-00554,SEG-0091,Southwest,Debris,2024-12-01,2025-01-20,Pending,High,311 App,43.57173107700996,-116.26689751253711
CMP-00555,SEG-0094,Southwest,Sidewalk,2025-03-11,,Pending,Medium,Email,43.57073234512621,-116.30844838404985
CMP-00556,SEG-0131,Southeast,Sign Damage,2024-12-31,,In Review,Medium,Phone,43.59429886022347,-116.19856881423783
CMP-00557,SEG-0045,West Boise,Crack,2024-09-03,2024-10-05,Pending,Low,311 App,43.641027769662294,-116.28327629877278
CMP-00558,SEG-0231,North End,Sign Damage,2024-02-14,,In Review,Low,311 App,43.659303843007976,-116.20954829092965
CMP-00559,SEG-0172,West Boise,Crack,2024-05-18,,Resolved,High,311 App,43.62050146346141,-116.27635220868736
CMP-00560,SEG-0237,Downtown,Debris,2024-05-03,2024-06-14,Pending,Medium,311 App,43.62536325713764,-116.20003016196048
CMP-00561,SEG-0140,West Boise,Pavement Failure,2024-09-13,2024-10-18,In Review,Medium,311 App,43.61818204986408,-116.35212167399582
CMP-00562,SEG-0269,Downtown,Sidewalk,2025-12-13,2026-02-11,Pending,Medium,Email,43.61393587309369,-116.21277362582323
CMP-00563,SEG-0104,Southwest,Pothole,2024-08-22,2024-09-09,Pending,High,Web Form,43.554479309551844,-116.25706285255313
CMP-00564,SEG-0265,North End,Pothole,2024-04-09,2024-05-16,In Review,High,Phone,43.64563027291794,-116.20590018334572
CMP-00565,SEG-0042,West Boise,Crack,2024-07-02,,Resolved,Medium,Web Form,43.64229442047755,-116.29420335491749
CMP-00566,SEG-0039,North End,Pavement Failure,2024-05-17,,In Review,Medium,Web Form,43.65228552226486,-116.21960933454034
CMP-00567,SEG-0251,Downtown,Pothole,2025-12-04,2026-01-18,Resolved,Critical,Email,43.612913491178375,-116.2023788574287
CMP-00568,SEG-0251,Downtown,Pothole,2025-12-01,2025-12-28,Resolved,Medium,Phone,43.61317585210829,-116.20221678864227
CMP-00569,SEG-0014,Southwest,Pavement Failure,2025-12-17,2026-01-04,In Review,High,Email,43.54437358862867,-116.21837712936156
CMP-00570,SEG-0015,Downtown,Sign Damage,2025-08-03,,Pending,Medium,Email,43.610224701552745,-116.2209590853272
CMP-00571,SEG-0135,Southeast,Flooding,2024-01-21,,Pending,Critical,311 App,43.542311898970524,-116.19899760992799
CMP-00572,SEG-0216,Southeast,Pavement Failure,2024-02-25,,In Review,Low,Email,43.58434242820613,-116.18819537888251
CMP-00573,SEG-0060,Downtown,Crack,2024-05-18,,In Review,Medium,Phone,43.61632193164313,-116.17679696731244
CMP-00574,SEG-0207,Southeast,Debris,2025-07-10,2025-07-26,In Review,Low,Web Form,43.56075130348711,-116.2016258538884
CMP-00575,SEG-0045,West Boise,Crack,2025-07-16,,Resolved,Critical,Email,43.6440159800505,-116.28603879852236
CMP-00576,SEG-0066,West Boise,Debris,2024-08-13,2024-08-19,Resolved,Critical,311 App,43.6052174896374,-116.25317758209913
CMP-00577,SEG-0156,West Boise,Flooding,2024-11-25,2025-01-08,Pending,Low,311 App,43.649127917782174,-116.2956468097662
CMP-00578,SEG-0210,Downtown,Sidewalk,2025-12-08,,In Review,Low,311 App,43.62015798643652,-116.18884476590925
CMP-00579,SEG-0243,Downtown,Pavement Failure,2025-08-22,,Resolved,Critical,311 App,43.604113916231384,-116.17342282278719
CMP-00580,SEG-0075,Southwest,Debris,2024-02-28,2024-04-16,Resolved,Medium,Web Form,43.59925137610373,-116.20538828576053
CMP-00581,SEG-0144,West Boise,Flooding,2025-05-31,2025-07-19,Pending,Medium,311 App,43.610047100933215,-116.33956022554825
CMP-00582,SEG-0272,Downtown,Debris,2025-07-06,2025-08-07,Resolved,Medium,Phone,43.61112742809425,-116.20190709122166
CMP-00583,SEG-0230,North End,Sign Damage,2024-02-13,,Resolved,Critical,Email,43.624105005414606,-116.19967715340611
CMP-00584,SEG-0156,West Boise,Flooding,2024-09-24,2024-10-19,In Review,High,311 App,43.64751186696398,-116.29670343718138
CMP-00585,SEG-0200,Southeast,Pothole,2025-02-18,,Resolved,Critical,Phone,43.541190800525825,-116.19995326971329
CMP-00586,SEG-0151,West Boise,Flooding,2025-01-13,2025-02-06,Resolved,Critical,311 App,43.60021017330033,-116.31572749601885
CMP-00587,SEG-0292,Southeast,Sign Damage,2025-02-20,,In Review,Critical,Web Form,43.54114609289166,-116.17243002254854
CMP-00588,SEG-0138,West Boise,Debris,2025-10-13,2025-12-07,Resolved,Medium,311 App,43.64650084706318,-116.35363502511767
CMP-00589,SEG-0235,North End,Debris,2025-02-05,,Resolved,Low,Web Form,43.67292631363574,-116.17907135349004
CMP-00590,SEG-0207,Southeast,Sign Damage,2024-06-30,2024-07-31,Resolved,Medium,Email,43.561523725598924,-116.2012492639861
CMP-00591,SEG-0039,North End,Crack,2025-02-13,,In Review,Low,Phone,43.65256357816053,-116.22065370126016
CMP-00592,SEG-0217,Southeast,Pavement Failure,2024-06-23,2024-08-04,In Review,High,Email,43.53919034690137,-116.18941316250053
CMP-00593,SEG-0256,Downtown,Pavement Failure,2024-05-13,,In Review,Critical,Phone,43.614253371563365,-116.21338390538948
CMP-00594,SEG-0096,Southeast,Sign Damage,2025-04-18,2025-06-10,Pending,Critical,Phone,43.571788704329315,-116.16632382813175
CMP-00595,SEG-0245,Downtown,Sidewalk,2024-02-13,,Resolved,High,Web Form,43.60564887684235,-116.21800417874962
CMP-00596,SEG-0015,Downtown,Sign Damage,2024-01-24,2024-02-24,Pending,Critical,Web Form,43.61256033673723,-116.21994807941986
CMP-00597,SEG-0204,Southeast,Pothole,2025-06-27,2025-08-25,Resolved,Low,Web Form,43.56377577356923,-116.19921037532387
CMP-00598,SEG-0278,East Bench,Crack,2024-10-09,,Pending,Low,Web Form,43.60499316392737,-116.17425269017698
CMP-00599,SEG-0284,East Bench,Crack,2024-10-25,,Resolved,High,Phone,43.59895510230775,-116.17596913163104
CMP-00600,SEG-0015,Downtown,Pavement Failure,2025-12-26,,Resolved,Medium,311 App,43.609468230508284,-116.2191547778666
CMP-00601,SEG-0237,Downtown,Pothole,2025-04-22,2025-06-12,In Review,Low,Phone,43.62496438528875,-116.20061132524708
CMP-00602,SEG-0256,Downtown,Sign Damage,2025-05-19,,In Review,High,Phone,43.61399384458263,-116.2156004122856
CMP-00603,SEG-0275,Downtown,Sidewalk,2024-03-19,2024-05-17,In Review,Critical,Web Form,43.60196568782298,-116.20422776882727
CMP-00604,SEG-0264,North End,Sidewalk,2025-02-20,2025-04-08,In Review,Low,311 App,43.651377043604164,-116.18262918578469
CMP-00605,SEG-0225,Southeast,Sidewalk,2024-01-31,2024-02-22,Pending,Low,Phone,43.54135038702479,-116.19990452102053
CMP-00606,SEG-0046,West Boise,Sign Damage,2025-12-05,,In Review,Critical,Web Form,43.64285704461824,-116.27109283630077
CMP-00607,SEG-0182,West Boise,Debris,2025-03-01,2025-04-27,In Review,Medium,Email,43.63786861938577,-116.25731766985673
CMP-00608,SEG-0161,West Boise,Debris,2024-02-29,,Resolved,Low,Web Form,43.59843542455254,-116.29788702604074
CMP-00609,SEG-0245,Downtown,Pothole,2025-06-26,2025-08-19,In Review,Medium,Email,43.60425382370861,-116.21549221432629
CMP-00610,SEG-0194,Southwest,Crack,2024-08-08,2024-09-10,Resolved,Medium,Email,43.56479207865235,-116.2307992212588
CMP-00611,SEG-0164,Southwest,Pavement Failure,2024-09-18,2024-11-02,In Review,High,Phone,43.595792720973016,-116.29611300827871
CMP-00612,SEG-0033,West Boise,Sidewalk,2025-01-10,2025-03-01,Pending,Medium,Email,43.65575936933576,-116.30516732190814
CMP-00613,SEG-0078,Southwest,Pothole,2024-02-17,2024-02-24,In Review,Medium,Email,43.588440227051215,-116.29176812466804
CMP-00614,SEG-0275,Downtown,Debris,2024-07-16,2024-07-20,Resolved,High,Email,43.5995913212563,-116.20217929038404
CMP-00615,SEG-0273,Downtown,Pavement Failure,2024-01-28,,Pending,Low,Web Form,43.60176123695806,-116.1987635862106
CMP-00616,SEG-0119,East Bench,Flooding,2024-08-11,,Pending,Low,Email,43.59464130326838,-116.17626638440977
CMP-00617,SEG-0015,Downtown,Sign Damage,2025-05-12,2025-06-13,In Review,Medium,Phone,43.613043679510966,-116.21867443384934
CMP-00618,SEG-0261,North End,Flooding,2024-02-11,,In Review,Low,Email,43.64061497305638,-116.18193156287568
CMP-00619,SEG-0133,Southeast,Debris,2025-11-14,2026-01-01,Resolved,Critical,311 App,43.53946084299832,-116.19043545769267
CMP-00620,SEG-0261,North End,Pavement Failure,2024-05-07,,Pending,Critical,311 App,43.63991672823519,-116.1831120349454
CMP-00621,SEG-0101,Southeast,Sidewalk,2025-08-01,2025-08-06,Pending,High,Phone,43.57093584637903,-116.19914138892307
CMP-00622,SEG-0096,Southeast,Sign Damage,2024-09-18,2024-09-29,In Review,Critical,Email,43.57384831996621,-116.1666979151995
CMP-00623,SEG-0136,Southeast,Pavement Failure,2025-10-19,2025-11-27,In Review,Critical,311 App,43.54572660553343,-116.15953680993506
CMP-00624,SEG-0057,West Boise,Debris,2025-01-09,2025-02-19,Resolved,Medium,Web Form,43.61874235948608,-116.2693843699921
CMP-00625,SEG-0114,East Bench,Sidewalk,2024-11-13,2025-01-03,Resolved,Medium,Phone,43.595728419471534,-116.15897725449526
CMP-00626,SEG-0161,West Boise,Crack,2024-08-16,,Pending,Critical,311 App,43.59963127641744,-116.2962572896531
CMP-00627,SEG-0216,Southeast,Pavement Failure,2025-04-29,,Resolved,Critical,Email,43.58665337022959,-116.19067191867131
CMP-00628,SEG-0170,West Boise,Pavement Failure,2024-08-09,,Resolved,Medium,Web Form,43.60068058623858,-116.27746739959586
CMP-00629,SEG-0241,Downtown,Crack,2024-09-06,2024-10-10,In Review,Low,Web Form,43.604657054425566,-116.18152199681423
CMP-00630,SEG-0281,East Bench,Crack,2025-11-10,,In Review,Critical,Web Form,43.620884759576,-116.13581665895197
CMP-00631,SEG-0196,Southwest,Debris,2025-02-19,2025-03-14,In Review,Medium,Email,43.60064367444116,-116.23554401042439
CMP-00632,SEG-0038,North End,Sign Damage,2025-08-09,,In Review,Low,Phone,43.65136173239427,-116.22192728369092
CMP-00633,SEG-0170,West Boise,Crack,2025-11-19,2026-01-15,Resolved,High,Web Form,43.6019218964554,-116.27687531288696
CMP-00634,SEG-0234,North End,Debris,2024-07-15,2024-08-10,Resolved,Medium,Web Form,43.67190405415502,-116.18077239417714
CMP-00635,SEG-0095,Southwest,Sign Damage,2024-01-31,2024-02-11,Resolved,Low,311 App,43.568113865352515,-116.24215440557259
CMP-00636,SEG-0233,North End,Pothole,2025-02-02,,Resolved,Critical,Phone,43.65817322695902,-116.2293267398121
CMP-00637,SEG-0004,Southeast,Sidewalk,2024-12-08,2025-01-30,Resolved,Low,311 App,43.5433147657566,-116.18758905498993
CMP-00638,SEG-0242,Downtown,Debris,2024-03-23,,Resolved,High,311 App,43.60674254760646,-116.17390538271734
CMP-00639,SEG-0151,West Boise,Debris,2025-06-18,,Pending,Critical,Phone,43.59820119669229,-116.31441155577002
CMP-00640,SEG-0171,West Boise,Sign Damage,2024-10-03,,Pending,Critical,Web Form,43.599562951867654,-116.27480227200405
CMP-00641,SEG-0112,East Bench,Sidewalk,2024-05-23,2024-07-11,Pending,Medium,Phone,43.60489820193229,-116.15123814204101
CMP-00642,SEG-0182,West Boise,Sign Damage,2025-05-18,2025-07-10,Pending,Low,Phone,43.638658685481644,-116.25675605932922
CMP-00643,SEG-0264,North End,Debris,2024-09-26,,In Review,High,311 App,43.65161218789182,-116.18267024300233
CMP-00644,SEG-0255,Downtown,Flooding,2024-04-01,2024-05-31,Pending,Medium,Phone,43.61213696448123,-116.19601694314333
CMP-00645,SEG-0287,East Bench,Pothole,2025-07-11,2025-08-10,Resolved,Medium,311 App,43.59666037833914,-116.16505646874664
CMP-00646,SEG-0246,Downtown,Sidewalk,2024-08-12,2024-08-28,In Review,High,Phone,43.60506891083812,-116.1809815488499
CMP-00647,SEG-0102,Southwest,Crack,2025-01-20,,Pending,Low,Web Form,43.55042239299633,-116.27389977990362
CMP-00648,SEG-0130,Southeast,Pothole,2024-06-21,2024-07-12,Resolved,Critical,Web Form,43.59504107448587,-116.1981076857204
CMP-00649,SEG-0159,West Boise,Pothole,2024-10-09,,Resolved,Critical,Phone,43.613727194959466,-116.29095099831898
CMP-00650,SEG-0190,Southwest,Crack,2025-07-01,,Pending,Critical,Phone,43.55166968211754,-116.25945928574521
CMP-00651,SEG-0131,Southeast,Sign Damage,2025-10-16,,In Review,Medium,311 App,43.59551306251268,-116.2009556065345
CMP-00652,SEG-0279,East Bench,Debris,2025-03-05,,Pending,Critical,Email,43.610350458056864,-116.14877691799181
CMP-00653,SEG-0223,Southwest,Pothole,2025-07-06,,In Review,Medium,Web Form,43.56215470066968,-116.2200861149088
CMP-00654,SEG-0258,North End,Sign Damage,2025-04-05,2025-04-07,In Review,Critical,Email,43.63704698124216,-116.2280221292341
CMP-00655,SEG-0131,Southeast,Sidewalk,2025-12-17,,Pending,Medium,Email,43.595073109501,-116.19876957734982
CMP-00656,SEG-0298,West Boise,Pothole,2024-01-16,,Pending,Medium,311 App,43.63767964216616,-116.29918423893437
CMP-00657,SEG-0050,West Boise,Crack,2024-12-23,,Resolved,Critical,Web Form,43.62949232860903,-116.31002179592384
CMP-00658,SEG-0080,Southwest,Debris,2024-04-17,2024-05-13,Resolved,Low,Phone,43.58422101312106,-116.28605452693836
CMP-00659,SEG-0258,North End,Debris,2025-02-11,2025-04-01,Resolved,High,Phone,43.636043844300254,-116.22956415493663
CMP-00660,SEG-0258,North End,Crack,2025-07-13,2025-07-24,Resolved,High,311 App,43.63812959994594,-116.22923282692642
CMP-00661,SEG-0284,East Bench,Debris,2025-07-09,2025-08-25,In Review,High,Web Form,43.59823448261744,-116.17580745092384
CMP-00662,SEG-0221,Southeast,Pothole,2025-09-16,2025-10-27,In Review,Low,Web Form,43.594387117488736,-116.18604773661251
CMP-00663,SEG-0183,West Boise,Pothole,2024-02-06,2024-03-06,Pending,Medium,Phone,43.65658078421784,-116.25459038667847
CMP-00664,SEG-0118,East Bench,Crack,2024-07-19,2024-08-31,Resolved,Critical,Web Form,43.59756279318012,-116.15613203256859
CMP-00665,SEG-0149,West Boise,Sign Damage,2025-10-04,2025-11-03,In Review,Critical,Email,43.60593590712326,-116.33608690493871
CMP-00666,SEG-0159,West Boise,Sidewalk,2025-03-22,2025-05-07,Resolved,Medium,Web Form,43.613063467447304,-116.29349438566071
CMP-00667,SEG-0208,Southeast,Flooding,2024-02-09,2024-03-15,In Review,Low,Email,43.54057419783432,-116.19927064509316
CMP-00668,SEG-0263,North End,Flooding,2025-01-12,,Resolved,High,Email,43.667201756764165,-116.20766984336387
CMP-00669,SEG-0005,Southeast,Pavement Failure,2025-08-05,,Resolved,Medium,Web Form,43.54665606701868,-116.15421637116853
CMP-00670,SEG-0136,Southeast,Crack,2025-01-18,,In Review,Critical,Email,43.5445443796764,-116.15993457101189
CMP-00671,SEG-0200,Southeast,Pavement Failure,2025-09-18,,Resolved,Medium,Web Form,43.54115814037297,-116.19867876652282
CMP-00672,SEG-0290,Southeast,Debris,2024-07-18,2024-09-14,Resolved,High,Email,43.53865768612208,-116.19340957220827
CMP-00673,SEG-0268,Downtown,Sidewalk,2024-12-01,,Pending,Critical,Phone,43.615463815391095,-116.19151359730348
CMP-00674,SEG-0190,Southwest,Debris,2025-08-12,,Resolved,Medium,Web Form,43.55012796367693,-116.25663326968652
CMP-00675,SEG-0057,West Boise,Pothole,2024-08-16,2024-09-18,In Review,Critical,Web Form,43.61794421687179,-116.26675548658187
CMP-00676,SEG-0292,Southeast,Debris,2024-09-26,2024-11-20,Pending,Low,Web Form,43.5410239516046,-116.16940598703789
CMP-00677,SEG-0231,North End,Crack,2024-09-24,,Pending,Low,311 App,43.66028527448751,-116.21299921242445
CMP-00678,SEG-0127,Southeast,Crack,2025-05-10,,In Review,High,Phone,43.59407653512935,-116.18927223782688
CMP-00679,SEG-0149,West Boise,Pothole,2024-08-03,,Pending,High,Email,43.604198090526545,-116.33620460263347
CMP-00680,SEG-0111,East Bench,Debris,2024-08-09,2024-09-02,Resolved,Critical,Email,43.608719366666726,-116.17319750906454
CMP-00681,SEG-0239,Downtown,Pothole,2025-03-12,2025-04-02,Resolved,High,Phone,43.61651650367261,-116.20052375182813
CMP-00682,SEG-0245,Downtown,Flooding,2024-03-30,,Resolved,Critical,Email,43.60593787505415,-116.21496009939511
CMP-00683,SEG-0156,West Boise,Pothole,2025-08-28,2025-10-03,In Review,Medium,Email,43.646092906110994,-116.2973230536346
CMP-00684,SEG-0200,Southeast,Sidewalk,2025-06-10,2025-08-04,Pending,Critical,Phone,43.54156074101141,-116.19825930409638
CMP-00685,SEG-0241,Downtown,Sidewalk,2025-03-14,2025-04-04,In Review,Critical,Email,43.60350065959937,-116.18399284767071
CMP-00686,SEG-0040,North End,Debris,2024-05-21,2024-06-12,Pending,High,Web Form,43.656577551205764,-116.21209414150891
CMP-00687,SEG-0266,North End,Debris,2024-11-20,2025-01-13,Pending,Medium,Phone,43.647651166856704,-116.17986246989159
CMP-00688,SEG-0280,East Bench,Flooding,2024-03-25,2024-04-22,Resolved,Medium,311 App,43.58738995997784,-116.1669325002662
CMP-00689,SEG-0042,West Boise,Pavement Failure,2025-01-16,2025-02-23,Resolved,Low,Phone,43.64097551159485,-116.29334051306171
CMP-00690,SEG-0264,North End,Flooding,2024-04-28,2024-06-23,Resolved,Medium,311 App,43.64902690637505,-116.18154188324256
CMP-00691,SEG-0093,Southwest,Pavement Failure,2025-10-10,2025-11-15,Resolved,Low,Web Form,43.56702704971827,-116.31267151151037
CMP-00692,SEG-0251,Downtown,Debris,2025-01-27,,In Review,Critical,Phone,43.61488133786378,-116.20047563183824
CMP-00693,SEG-0295,Southwest,Pavement Failure,2024-08-15,2024-10-12,Pending,High,Email,43.57947481874165,-116.29384853847142
CMP-00694,SEG-0237,Downtown,Crack,2025-06-11,2025-07-27,Pending,High,Phone,43.62779881262656,-116.20069862713034
CMP-00695,SEG-0262,North End,Sidewalk,2024-06-26,2024-08-17,Resolved,Medium,Phone,43.64801935464832,-116.21097481832385
CMP-00696,SEG-0265,North End,Flooding,2025-10-22,,In Review,Low,311 App,43.646450625320746,-116.20649554059537
CMP-00697,SEG-0269,Downtown,Crack,2024-09-07,2024-10-09,Resolved,Critical,Web Form,43.61048290155186,-116.21251376343969
CMP-00698,SEG-0104,Southwest,Sign Damage,2025-06-15,2025-07-28,Resolved,Medium,Web Form,43.553386318319326,-116.25800460455285
CMP-00699,SEG-0257,Downtown,Sign Damage,2025-01-06,2025-01-24,Resolved,Critical,Phone,43.6175779509376,-116.19887644909642
CMP-00700,SEG-0280,East Bench,Sidewalk,2025-09-25,,In Review,Critical,Email,43.587458605831195,-116.16488880093952
CMP-00701,SEG-0176,Southwest,Sidewalk,2025-02-05,,Resolved,Critical,311 App,43.54058168120589,-116.27608580402591
CMP-00702,SEG-0063,Downtown,Sidewalk,2024-08-08,,In Review,Medium,Phone,43.616418764012515,-116.21829565146479
CMP-00703,SEG-0205,Southeast,Debris,2024-06-25,,In Review,Medium,Email,43.59652623484049,-116.19817863210736
CMP-00704,SEG-0257,Downtown,Pothole,2024-11-30,2025-01-07,In Review,High,Phone,43.61633954559012,-116.20206950817715
CMP-00705,SEG-0088,Southeast,Crack,2024-11-28,2025-01-12,In Review,Medium,Web Form,43.5864337765473,-116.17247875433819
CMP-00706,SEG-0045,West Boise,Pavement Failure,2025-05-15,2025-06-14,In Review,Critical,Phone,43.64126124675537,-116.28528767279475
CMP-00707,SEG-0124,Downtown,Sidewalk,2024-01-21,2024-02-07,Pending,Critical,311 App,43.61187984186856,-116.17521269310701
CMP-00708,SEG-0218,Southeast,Debris,2025-08-19,2025-08-31,Resolved,Critical,311 App,43.53864835828708,-116.1886445610929
CMP-00709,SEG-0195,Southwest,Sign Damage,2025-09-02,2025-10-06,In Review,Low,Phone,43.599961309990526,-116.22991746910662
CMP-00710,SEG-0075,Southwest,Debris,2025-08-16,2025-10-14,Resolved,Medium,Phone,43.59811231350339,-116.20537611748311
CMP-00711,SEG-0201,Southeast,Pavement Failure,2024-05-17,2024-06-12,In Review,Low,Phone,43.56462006531661,-116.19846651407944
CMP-00712,SEG-0251,Downtown,Pavement Failure,2025-07-21,2025-09-11,Pending,Critical,Web Form,43.61561738919218,-116.20110372156275
CMP-00713,SEG-0222,Southwest,Crack,2025-01-16,2025-02-08,Resolved,Critical,311 App,43.57223776821536,-116.21952881031804
CMP-00714,SEG-0266,North End,Flooding,2024-02-11,,Pending,Medium,Email,43.649014627371365,-116.17906130908928
CMP-00715,SEG-0261,North End,Sign Damage,2025-08-10,,Resolved,High,Phone,43.64131037678176,-116.17981397353816
CMP-00716,SEG-0265,North End,Crack,2024-04-05,,In Review,Medium,Web Form,43.647598033457044,-116.20615809976438
CMP-00717,SEG-0045,West Boise,Debris,2024-10-10,2024-11-27,Resolved,Low,Phone,43.64426161777034,-116.28455380329801
CMP-00718,SEG-0295,Southwest,Debris,2024-03-25,,Pending,Low,311 App,43.57945673620194,-116.29368033414885
CMP-00719,SEG-0159,West Boise,Crack,2024-06-04,,Resolved,Critical,Email,43.612865211257954,-116.29163826875055
CMP-00720,SEG-0053,West Boise,Pothole,2025-09-12,2025-10-26,Resolved,Low,Email,43.632194785159605,-116.32194599007174
CMP-00721,SEG-0050,West Boise,Sign Damage,2024-05-03,2024-05-06,Resolved,High,Email,43.633162609645865,-116.31057019467528
CMP-00722,SEG-0003,Southeast,Debris,2024-08-07,,Resolved,Critical,Email,43.54518825273682,-116.18457240616473
CMP-00723,SEG-0133,Southeast,Sidewalk,2025-04-11,2025-05-24,Pending,Low,Phone,43.54167044030431,-116.19188782005716
CMP-00724,SEG-0200,Southeast,Debris,2024-10-18,,In Review,Critical,Phone,43.54168771595768,-116.198560624629
CMP-00725,SEG-0262,North End,Debris,2024-11-30,2024-12-10,Pending,Critical,Phone,43.64474245959544,-116.20818704723622
CMP-00726,SEG-0064,Downtown,Pavement Failure,2025-01-10,2025-02-02,Pending,Low,311 App,43.62000544862803,-116.22114152733339
CMP-00727,SEG-0103,Southwest,Sidewalk,2025-09-02,,In Review,Critical,311 App,43.55414945194438,-116.27530754704378
CMP-00728,SEG-0266,North End,Sign Damage,2024-05-25,,Pending,High,Web Form,43.647982474993555,-116.17926971147405
CMP-00729,SEG-0224,Southwest,Pothole,2024-01-28,,In Review,Medium,311 App,43.59856338331074,-116.22422459017437
CMP-00730,SEG-0286,East Bench,Crack,2024-05-06,,Pending,Medium,Email,43.604312723096974,-116.13832759265236
CMP-00731,SEG-0269,Downtown,Sign Damage,2025-03-29,2025-04-04,Pending,Low,Email,43.61129880499488,-116.21266806889498
CMP-00732,SEG-0064,Downtown,Flooding,2025-10-27,2025-11-03,Pending,High,Phone,43.62009507055779,-116.21926220522428
CMP-00733,SEG-0225,Southeast,Flooding,2024-08-15,2024-10-10,Resolved,Medium,311 App,43.53849877873113,-116.19953545119276
CMP-00734,SEG-0148,West Boise,Sidewalk,2025-02-19,2025-03-28,In Review,Critical,Web Form,43.62744175653044,-116.33684264172231
CMP-00735,SEG-0043,West Boise,Sidewalk,2025-01-14,2025-02-27,Pending,High,Web Form,43.64358668043004,-116.27863706997985
CMP-00736,SEG-0147,West Boise,Sidewalk,2025-05-06,2025-05-15,Pending,Critical,Email,43.599035928097685,-116.33565050559369
CMP-00737,SEG-0225,Southeast,Pothole,2024-05-01,2024-06-03,Resolved,Medium,311 App,43.54122438698743,-116.19905326775336
CMP-00738,SEG-0046,West Boise,Sign Damage,2024-08-23,,Pending,Low,Email,43.64058749742817,-116.2723198803448
CMP-00739,SEG-0256,Downtown,Pavement Failure,2025-06-13,,In Review,High,Email,43.61426660861767,-116.21485601049761
CMP-00740,SEG-0193,Southwest,Pothole,2024-04-20,2024-06-05,Pending,Low,Phone,43.547859452303484,-116.2311176526669
CMP-00741,SEG-0015,Downtown,Flooding,2024-02-25,2024-03-11,Resolved,Low,Web Form,43.610552484530984,-116.21987722346324
CMP-00742,SEG-0270,Downtown,Sign Damage,2024-11-03,,Resolved,Low,Phone,43.62370216058235,-116.19653647514788
CMP-00743,SEG-0256,Downtown,Flooding,2025-06-28,2025-08-11,Pending,Critical,Email,43.616221641148265,-116.21524230343205
CMP-00744,SEG-0133,Southeast,Crack,2025-07-28,,In Review,Medium,Email,43.539239337880566,-116.18977653580882
CMP-00745,SEG-0227,Southeast,Sign Damage,2024-09-17,2024-11-13,Pending,Medium,311 App,43.53941293494657,-116.20174370179997
CMP-00746,SEG-0104,Southwest,Pothole,2024-05-21,2024-06-21,Resolved,Low,Web Form,43.553077937356434,-116.25758574582088
CMP-00747,SEG-0272,Downtown,Sidewalk,2024-12-04,2024-12-06,Resolved,Low,311 App,43.60961772552575,-116.20112038527577
CMP-00748,SEG-0053,West Boise,Pavement Failure,2024-09-15,,In Review,High,Phone,43.63275951194931,-116.31869809359002
CMP-00749,SEG-0262,North End,Pavement Failure,2025-07-30,2025-09-23,In Review,High,311 App,43.64593418790153,-116.20880916125662
CMP-00750,SEG-0010,Southwest,Flooding,2024-11-20,2024-11-23,In Review,Low,Web Form,43.54298033625001,-116.24587326665694
CMP-00751,SEG-0014,Southwest,Sign Damage,2025-02-08,2025-03-14,In Review,Medium,311 App,43.544538655128214,-116.22000473137716
CMP-00752,SEG-0080,Southwest,Debris,2025-02-28,,In Review,High,311 App,43.585573548843506,-116.28680898391094
CMP-00753,SEG-0246,Downtown,Sign Damage,2024-08-09,2024-08-13,Pending,High,Phone,43.60413119552633,-116.1824692183122
CMP-00754,SEG-0247,Downtown,Pavement Failure,2024-07-06,,In Review,High,311 App,43.60820968227608,-116.21498272808006
CMP-00755,SEG-0148,West Boise,Crack,2025-12-29,2026-01-15,Pending,Medium,311 App,43.626606368989805,-116.33978607681884
CMP-00756,SEG-0234,North End,Pothole,2025-07-07,2025-07-14,Pending,Low,Phone,43.671148023808755,-116.17922294460216
CMP-00757,SEG-0145,West Boise,Sidewalk,2025-11-07,2025-11-14,In Review,Low,Phone,43.59947750793947,-116.33330173201374
CMP-00758,SEG-0220,Southeast,Sidewalk,2025-06-09,2025-08-05,In Review,Critical,Phone,43.553304787337545,-116.18875699682044
CMP-00759,SEG-0205,Southeast,Debris,2024-01-23,2024-02-27,In Review,High,311 App,43.596261275464904,-116.19859439766196
CMP-00760,SEG-0080,Southwest,Debris,2025-02-12,2025-03-04,Resolved,Medium,311 App,43.58573516537865,-116.28481629066768
CMP-00761,SEG-0159,West Boise,Debris,2025-06-09,2025-06-24,Pending,High,Email,43.61472902788459,-116.29212260098323
CMP-00762,SEG-0118,East Bench,Pothole,2024-01-27,,Pending,Critical,Web Form,43.59793410102662,-116.1560692117208
CMP-00763,SEG-0230,North End,Pothole,2024-07-12,,Pending,Critical,311 App,43.62705843820118,-116.19940206500542
CMP-00764,SEG-0264,North End,Sidewalk,2025-06-07,2025-07-21,In Review,High,Phone,43.6501306068439,-116.18177010193135
CMP-00765,SEG-0144,West Boise,Sign Damage,2024-06-03,2024-07-22,In Review,Critical,311 App,43.608932537862394,-116.33779663328258
CMP-00766,SEG-0182,West Boise,Sidewalk,2024-04-30,,Resolved,Critical,311 App,43.637815440175864,-116.26030991522842
CMP-00767,SEG-0032,West Boise,Sign Damage,2025-10-19,,Pending,Medium,Web Form,43.65256146123461,-116.27448782966796
CMP-00768,SEG-0006,Southeast,Sidewalk,2025-04-16,2025-06-10,In Review,Critical,Phone,43.542539399493215,-116.19580032968244
CMP-00769,SEG-0082,Southwest,Sidewalk,2025-03-07,2025-03-26,In Review,Critical,Email,43.58985619375875,-116.26888558027385
CMP-00770,SEG-0033,West Boise,Sign Damage,2025-03-15,,In Review,High,Phone,43.652276039713264,-116.30683553900931
CMP-00771,SEG-0229,North End,Crack,2024-04-14,,Pending,Medium,Email,43.642190868926725,-116.20227015239891
CMP-00772,SEG-0164,Southwest,Crack,2025-08-10,2025-09-29,Pending,Critical,Phone,43.596170320972476,-116.29422066289509
CMP-00773,SEG-0272,Downtown,Crack,2024-09-21,,In Review,Critical,311 App,43.60952965773887,-116.20057004375407
CMP-00774,SEG-0268,Downtown,Sidewalk,2024-11-03,,Resolved,Medium,Web Form,43.61445272454058,-116.18893845688058
CMP-00775,SEG-0152,West Boise,Crack,2024-06-16,2024-08-11,In Review,Critical,311 App,43.59893059561293,-116.31350355845119
CMP-00776,SEG-0274,Downtown,Crack,2024-01-01,,Resolved,High,Web Form,43.615176175097915,-116.20470641776585
CMP-00777,SEG-0262,North End,Crack,2025-12-18,,Pending,High,Web Form,43.6466563678477,-116.21043126905666
CMP-00778,SEG-0189,Southwest,Pothole,2025-03-15,,Resolved,High,Web Form,43.5846070198475,-116.25727912266015
CMP-00779,SEG-0280,East Bench,Sign Damage,2024-03-05,2024-04-22,In Review,Low,Phone,43.586660778426484,-116.16472581122487
CMP-00780,SEG-0182,West Boise,Debris,2025-07-13,2025-08-17,In Review,Low,Email,43.63824390024952,-116.25828138818761
CMP-00781,SEG-0189,Southwest,Debris,2024-03-22,2024-04-18,Resolved,Medium,Web Form,43.586984190064456,-116.25587153310602
CMP-00782,SEG-0225,Southeast,Pavement Failure,2024-09-28,2024-11-07,In Review,Medium,Email,43.54078591718133,-116.1998017915356
CMP-00783,SEG-0286,East Bench,Flooding,2025-06-02,,In Review,Low,Web Form,43.604562139970675,-116.13794812449805
CMP-00784,SEG-0245,Downtown,Pothole,2025-11-06,,In Review,Medium,Phone,43.6037093523158,-116.21600218948969
CMP-00785,SEG-0182,West Boise,Sign Damage,2025-01-04,,In Review,Low,Web Form,43.63685055406613,-116.25858807667713
CMP-00786,SEG-0228,North End,Debris,2024-03-04,,In Review,Critical,Phone,43.674052995302986,-116.19890778852263
CMP-00787,SEG-0196,Southwest,Debris,2025-10-25,,In Review,High,Web Form,43.59948955349921,-116.2356947545468
CMP-00788,SEG-0228,North End,Pavement Failure,2024-02-20,,In Review,High,Phone,43.673562853500435,-116.19601690098892
CMP-00789,SEG-0063,Downtown,Sign Damage,2024-02-18,,Pending,High,Email,43.61431736002092,-116.22035815879553
CMP-00790,SEG-0245,Downtown,Pothole,2025-03-22,,Pending,High,Email,43.6069357135166,-116.21679188278638
CMP-00791,SEG-0057,West Boise,Sign Damage,2025-07-04,2025-08-10,Pending,High,Phone,43.61725015007178,-116.26853631254967
CMP-00792,SEG-0057,West Boise,Sidewalk,2025-03-11,,Pending,High,Email,43.61998454258362,-116.26742888357202
CMP-00793,SEG-0021,Downtown,Pavement Failure,2024-07-07,2024-07-29,Pending,Low,311 App,43.61030996153952,-116.22066399167169
CMP-00794,SEG-0036,North End,Pavement Failure,2024-08-22,2024-08-23,In Review,Critical,Phone,43.65288530195364,-116.2143493428636
CMP-00795,SEG-0161,West Boise,Sign Damage,2024-07-04,2024-08-25,Pending,Critical,Email,43.59924246506099,-116.29851865376318
CMP-00796,SEG-0101,Southeast,Pothole,2024-03-09,,Resolved,Medium,Web Form,43.570032563884716,-116.20160034119809
CMP-00797,SEG-0014,Southwest,Debris,2025-05-30,2025-06-16,In Review,Critical,311 App,43.54376847714688,-116.21874825099505
CMP-00798,SEG-0247,Downtown,Sign Damage,2024-04-20,2024-05-24,Pending,Critical,Phone,43.60501053523834,-116.2164504714361
CMP-00799,SEG-0251,Downtown,Pothole,2025-01-01,2025-02-21,Pending,Critical,Phone,43.616859864091104,-116.20224280527447
CMP-00800,SEG-0264,North End,Pothole,2024-06-17,2024-07-15,Resolved,Low,Phone,43.647944884866355,-116.18134895244827
