segment_id,street_name,district,road_type,surface_type,condition_index,paser_rating,install_year,asset_age_years,length_miles,lane_width_ft,num_lanes,daily_traffic_aadt,lat,lon,last_inspection_date,last_treatment_year,estimated_repair_cost_usd
SEG-0001,I-84 EB,Southeast,Highway,Asphalt,78,8,1987,39,1.11,12,4,62870,43.543837,-116.2,2025-04-21,2021,92768
SEG-0002,I-84 EB,Southeast,Highway,Asphalt,70,7,1970,56,2.4,12,6,52055,43.543536,-116.150246,2024-06-01,2015,301419
SEG-0003,I-84 EB,Southeast,Highway,Asphalt,81,8,2005,21,1.23,12,8,51300,43.545839,-116.184717,2025-02-21,2021,196002
SEG-0004,I-84 EB,Southeast,Highway,Asphalt,93,9,1993,33,1.39,11,8,47339,43.543814,-116.185813,2024-01-01,2019,138455
SEG-0005,I-84 EB,Southeast,Highway,Concrete,68,7,1984,42,2.55,11,8,63585,43.545057,-116.15292,2025-03-25,2025,404564
SEG-0006,I-84 EB,Southeast,Highway,Asphalt,68,7,2007,19,1.57,12,8,49532,43.543368,-116.193981,2024-04-01,2015,267989
SEG-0007,I-84 EB,Southeast,Highway,Asphalt,94,9,1999,27,1.82,12,8,48753,43.542309,-116.167329,2024-07-08,2016,169962
SEG-0008,I-84 WB,Southwest,Highway,Concrete,82,8,2010,16,1.25,11,8,50293,43.543046,-116.291487,2025-10-04,2017,173290
SEG-0009,I-84 WB,Southwest,Highway,Asphalt,65,6,1975,51,2.33,11,4,49120,43.545268,-116.224244,2023-12-03,2018,260509
SEG-0010,I-84 WB,Southwest,Highway,Asphalt,79,8,1993,33,1.6,12,4,56078,43.542394,-116.246265,2025-09-21,2022,129380
SEG-0011,I-84 WB,Southwest,Highway,Asphalt,65,6,1983,43,1.85,11,6,52962,43.541428,-116.246482,2024-01-13,2024,168940
SEG-0012,I-84 WB,Southwest,Highway,Asphalt,65,6,1995,31,2.32,11,6,62573,43.545905,-116.292127,2025-10-12,2024,236683
SEG-0013,I-84 WB,Southwest,Highway,Concrete,75,8,1975,51,2.82,12,6,52004,43.545996,-116.233118,2024-09-25,2025,353844
SEG-0014,I-84 WB,Southwest,Highway,Asphalt,45,4,2005,21,2.15,11,8,46916,43.545744,-116.220366,2024-06-30,2015,186748
SEG-0015,I-184 (Connector),Downtown,Highway,Asphalt,47,5,1974,52,2.19,12,8,26033,43.611108,-116.22,2025-04-02,2018,285372
SEG-0016,I-184 (Connector),Downtown,Highway,Asphalt,64,6,1989,37,1.64,11,8,32177,43.608375,-116.200265,2024-11-19,2018,237006
SEG-0017,I-184 (Connector),Downtown,Highway,Asphalt,57,6,2015,11,1.26,11,8,32942,43.606946,-116.1873,2025-02-27,2018,242766
SEG-0018,I-184 (Connector),Downtown,Highway,Concrete,76,8,1983,43,2.22,11,4,36879,43.609629,-116.196591,2023-11-04,2021,398538
SEG-0019,I-184 (Connector),Downtown,Highway,Asphalt,59,6,1970,56,0.78,12,6,22590,43.60931,-116.219785,2025-05-01,2024,74328
SEG-0020,I-184 (Connector),Downtown,Highway,Concrete,52,5,2019,7,1.9,11,4,37167,43.607497,-116.22,2025-03-04,2016,352962
SEG-0021,I-184 (Connector),Downtown,Highway,Concrete,92,9,1972,54,2.65,12,4,27000,43.610724,-116.22,2024-02-15,2022,421890
SEG-0022,State St / Hwy 44,West Boise,Highway,Asphalt,68,7,2004,22,1.33,11,6,27512,43.636398,-116.241508,2024-11-03,2023,201612
SEG-0023,State St / Hwy 44,West Boise,Highway,Asphalt,72,7,1997,29,0.5,11,8,30156,43.63514,-116.316449,2023-11-26,2018,65877
SEG-0024,State St / Hwy 44,West Boise,Highway,Asphalt,52,5,1990,36,1.51,12,8,24211,43.637043,-116.266649,2024-08-13,2021,194380
SEG-0025,State St / Hwy 44,West Boise,Highway,Asphalt,64,6,2000,26,2.48,11,8,22649,43.636653,-116.302904,2025-11-07,2014,441962
SEG-0026,State St / Hwy 44,West Boise,Highway,Asphalt,73,7,2019,7,0.68,12,6,29409,43.635469,-116.281989,2025-04-22,2016,74309
SEG-0027,State St / Hwy 44,West Boise,Highway,Asphalt,55,6,1999,27,0.63,12,6,31130,43.638825,-116.264327,2025-06-23,2025,96716
SEG-0028,State St / Hwy 44,West Boise,Highway,Asphalt,77,8,2018,8,1.12,11,4,28268,43.639169,-116.283994,2025-07-14,2016,100013
SEG-0029,Chinden Blvd / Hwy 20,West Boise,Highway,Asphalt,63,6,2015,11,1.03,12,4,22040,43.651388,-116.294484,2024-08-01,2014,194238
SEG-0030,Chinden Blvd / Hwy 20,West Boise,Highway,Asphalt,67,7,1994,32,2.63,12,8,37895,43.655,-116.326111,2023-11-22,2016,279649
SEG-0031,Chinden Blvd / Hwy 20,West Boise,Highway,Concrete,63,6,2009,17,1.84,12,8,22750,43.655,-116.276437,2024-12-22,2020,338600
SEG-0032,Chinden Blvd / Hwy 20,West Boise,Highway,Asphalt,97,10,1996,30,1.13,11,4,31467,43.65167,-116.273904,2025-07-26,2021,192674
SEG-0033,Chinden Blvd / Hwy 20,West Boise,Highway,Concrete,71,7,1983,43,1.66,12,4,23753,43.654017,-116.304882,2023-12-01,2017,248073
SEG-0034,Chinden Blvd / Hwy 20,West Boise,Highway,Asphalt,57,6,2010,16,1.11,12,8,23966,43.650456,-116.294751,2023-08-13,2021,159761
SEG-0035,Chinden Blvd / Hwy 20,West Boise,Highway,Asphalt,83,8,2010,16,2.73,11,8,37096,43.650633,-116.273137,2025-02-20,2021,370692
SEG-0036,Chinden Blvd,North End,Arterial,Asphalt,40,4,2009,17,0.87,11,6,21988,43.651463,-116.212823,2025-09-06,2017,97111
SEG-0037,Chinden Blvd,North End,Arterial,Concrete,65,6,2018,8,1.11,12,6,14282,43.65432,-116.210914,2024-09-23,2025,74404
SEG-0038,Chinden Blvd,North End,Arterial,Concrete,26,3,1999,27,0.73,12,4,15958,43.653302,-116.221855,2025-08-22,2017,61242
SEG-0039,Chinden Blvd,North End,Arterial,Asphalt,38,4,1989,37,1.21,11,4,23066,43.651777,-116.22113,2025-10-11,2018,61538
SEG-0040,Chinden Blvd,North End,Arterial,Concrete,65,6,2022,4,1.14,11,6,16485,43.655646,-116.211782,2023-09-30,2022,66452
SEG-0041,Chinden Blvd,North End,Arterial,Concrete,75,8,1989,37,1.98,11,4,23988,43.652282,-116.17732,2025-06-25,2014,135679
SEG-0042,McMillan Rd,West Boise,Arterial,Asphalt,65,6,2000,26,0.69,11,4,17438,43.642451,-116.29485,2024-05-24,2017,64690
SEG-0043,McMillan Rd,West Boise,Arterial,Concrete,59,6,2022,4,0.4,12,6,19325,43.643886,-116.277327,2024-09-10,2015,28514
SEG-0044,McMillan Rd,West Boise,Arterial,Asphalt,56,6,2017,9,0.73,12,4,19424,43.643588,-116.278846,2025-05-31,2023,75494
SEG-0045,McMillan Rd,West Boise,Arterial,Asphalt,35,4,1975,51,0.99,11,6,12634,43.642615,-116.28486,2025-01-14,2018,115001
SEG-0046,McMillan Rd,West Boise,Arterial,Asphalt,49,5,1995,31,1.7,11,4,17569,43.64194,-116.272385,2025-03-04,2022,159093
SEG-0047,McMillan Rd,West Boise,Arterial,Asphalt,53,5,2014,12,0.35,11,6,21629,43.640786,-116.326958,2024-02-08,2016,19783
SEG-0048,Ustick Rd,West Boise,Arterial,Asphalt,81,8,2002,24,1.01,12,4,19483,43.63299,-116.282672,2023-10-03,2020,92875
SEG-0049,Ustick Rd,West Boise,Arterial,Asphalt,68,7,1987,39,0.78,12,4,22812,43.632039,-116.276983,2025-05-23,2025,57843
SEG-0050,Ustick Rd,West Boise,Arterial,Asphalt,30,3,2019,7,0.84,12,4,18246,43.631433,-116.309362,2025-08-22,2022,49423
SEG-0051,Ustick Rd,West Boise,Arterial,Asphalt,67,7,1979,47,1.41,12,6,16342,43.635463,-116.338772,2024-05-27,2014,154626
SEG-0052,Ustick Rd,West Boise,Arterial,Asphalt,55,6,2013,13,2.0,12,4,13612,43.633705,-116.321218,2024-11-30,2019,141925
SEG-0053,Ustick Rd,West Boise,Arterial,Asphalt,49,5,1996,30,1.65,11,4,18267,43.632584,-116.320464,2023-09-01,2021,99030
SEG-0054,Fairview Ave,West Boise,Arterial,Asphalt,73,7,1980,46,1.91,12,6,31903,43.618407,-116.280791,2024-04-26,2019,122135
SEG-0055,Fairview Ave,West Boise,Arterial,Asphalt,80,8,1988,38,1.71,12,6,19607,43.616449,-116.255585,2024-01-08,2025,113045
SEG-0056,Fairview Ave,West Boise,Arterial,Asphalt,78,8,1978,48,1.84,12,6,32444,43.617605,-116.280532,2024-06-07,2022,130010
SEG-0057,Fairview Ave,West Boise,Arterial,Asphalt,46,5,1986,40,1.91,12,6,29099,43.618481,-116.268562,2025-09-01,2020,224721
SEG-0058,Fairview Ave,West Boise,Arterial,Asphalt,56,6,1999,27,1.57,11,4,30172,43.613084,-116.292074,2024-02-21,2021,175677
SEG-0059,Fairview Ave,West Boise,Arterial,Concrete,67,7,1996,30,0.38,12,4,21805,43.618456,-116.310825,2024-04-10,2025,28868
SEG-0060,Fairview Ave,Downtown,Arterial,Concrete,79,8,2011,15,1.13,12,6,17072,43.61736,-116.175,2024-05-24,2024,131688
SEG-0061,Fairview Ave,Downtown,Arterial,Asphalt,53,5,1982,44,1.91,11,4,22950,43.615152,-116.208149,2024-04-11,2017,128065
SEG-0062,Fairview Ave,Downtown,Arterial,Asphalt,58,6,2019,7,1.83,12,6,20741,43.617878,-116.22,2025-11-16,2016,202491
SEG-0063,Fairview Ave,Downtown,Arterial,Concrete,42,4,1996,30,1.57,12,4,32817,43.614592,-116.22,2024-08-20,2024,182401
SEG-0064,Fairview Ave,Downtown,Arterial,Concrete,40,4,2000,26,1.02,12,4,30534,43.618784,-116.22,2024-11-07,2023,55689
SEG-0065,Fairview Ave,Downtown,Arterial,Asphalt,76,8,2008,18,1.65,12,6,23045,43.616183,-116.203703,2025-01-16,2024,178066
SEG-0066,Franklin Rd,West Boise,Arterial,Asphalt,86,9,2013,13,0.41,12,6,10582,43.605529,-116.253713,2024-12-05,2024,37331
SEG-0067,Franklin Rd,West Boise,Arterial,Asphalt,60,6,2016,10,0.79,11,4,17313,43.609647,-116.296165,2023-08-29,2020,45484
SEG-0068,Franklin Rd,West Boise,Arterial,Asphalt,80,8,2022,4,1.45,11,6,19777,43.609071,-116.252036,2025-07-09,2023,143823
SEG-0069,Franklin Rd,West Boise,Arterial,Asphalt,68,7,2017,9,0.35,11,6,15878,43.607944,-116.324433,2025-06-26,2016,35179
SEG-0070,Franklin Rd,West Boise,Arterial,Concrete,50,5,1975,51,1.43,12,4,13475,43.608527,-116.326019,2025-10-17,2017,99852
SEG-0071,Franklin Rd,West Boise,Arterial,Asphalt,68,7,1970,56,1.91,12,4,13742,43.606372,-116.282054,2025-09-20,2020,153078
SEG-0072,Franklin Rd,Southwest,Arterial,Concrete,89,9,1971,55,0.43,12,6,14626,43.6,-116.281616,2023-08-04,2025,22127
SEG-0073,Franklin Rd,Southwest,Arterial,Concrete,61,6,1976,50,1.3,11,6,13083,43.6,-116.27795,2023-09-30,2019,80300
SEG-0074,Franklin Rd,Southwest,Arterial,Concrete,90,9,2011,15,0.7,12,4,17869,43.6,-116.208342,2024-01-05,2023,65769
SEG-0075,Franklin Rd,Southwest,Arterial,Asphalt,14,1,1990,36,1.37,11,6,15245,43.6,-116.206077,2024-11-20,2018,102251
SEG-0076,Franklin Rd,Southwest,Arterial,Asphalt,76,8,1975,51,1.16,11,4,8672,43.6,-116.21586,2024-07-04,2024,98711
SEG-0077,Franklin Rd,Southwest,Arterial,Asphalt,63,6,1998,28,1.19,11,6,12634,43.6,-116.265181,2024-05-10,2024,63862
SEG-0078,Overland Rd,Southwest,Arterial,Asphalt,56,6,2012,14,1.32,12,6,24872,43.587319,-116.28984,2024-05-09,2020,130539
SEG-0079,Overland Rd,Southwest,Arterial,Asphalt,63,6,1978,48,1.71,11,6,22624,43.588861,-116.283722,2025-04-15,2016,122471
SEG-0080,Overland Rd,Southwest,Arterial,Concrete,26,3,2020,6,1.61,11,6,14618,43.58593,-116.286337,2023-11-25,2021,97884
SEG-0081,Overland Rd,Southwest,Arterial,Concrete,58,6,2016,10,1.06,12,4,21355,43.585262,-116.280856,2024-08-17,2018,111200
SEG-0082,Overland Rd,Southwest,Arterial,Asphalt,68,7,1996,30,1.69,11,6,18096,43.589669,-116.269767,2023-10-13,2016,96636
SEG-0083,Overland Rd,Southwest,Arterial,Asphalt,88,9,1979,47,0.46,11,4,28493,43.586637,-116.237576,2025-11-04,2019,39164
SEG-0084,Overland Rd,Southeast,Arterial,Asphalt,52,5,2011,15,0.55,12,4,19740,43.590585,-116.167866,2025-08-11,2018,27702
SEG-0085,Overland Rd,Southeast,Arterial,Concrete,47,5,1985,41,1.65,12,4,20189,43.586426,-116.2,2025-05-25,2024,116141
SEG-0086,Overland Rd,Southeast,Arterial,Asphalt,52,5,1993,33,1.19,11,6,21079,43.589009,-116.193121,2024-12-14,2017,91727
SEG-0087,Overland Rd,Southeast,Arterial,Concrete,78,8,2019,7,1.59,12,4,17546,43.589398,-116.184739,2025-10-26,2018,132760
SEG-0088,Overland Rd,Southeast,Arterial,Asphalt,67,7,1972,54,0.83,11,4,19756,43.58621,-116.171711,2023-09-06,2019,91590
SEG-0089,Overland Rd,Southeast,Arterial,Concrete,52,5,1998,28,0.96,12,6,20151,43.587622,-116.2,2025-01-08,2015,53303
SEG-0090,Victory Rd,Southwest,Arterial,Concrete,71,7,1989,37,1.52,12,6,14325,43.56748,-116.267126,2024-11-25,2022,180274
SEG-0091,Victory Rd,Southwest,Arterial,Asphalt,63,6,1971,55,1.33,12,6,8101,43.571807,-116.265647,2024-09-04,2015,119310
SEG-0092,Victory Rd,Southwest,Arterial,Asphalt,79,8,1995,31,0.77,12,6,10048,43.570444,-116.277643,2025-05-12,2015,52529
SEG-0093,Victory Rd,Southwest,Arterial,Concrete,49,5,1981,45,1.06,11,6,12236,43.567814,-116.314076,2023-09-12,2019,74544
SEG-0094,Victory Rd,Southwest,Arterial,Asphalt,56,6,1982,44,0.7,12,4,13044,43.570053,-116.310291,2023-08-12,2023,54509
SEG-0095,Victory Rd,Southwest,Arterial,Concrete,54,5,2011,15,1.09,11,6,9981,43.567443,-116.24221,2024-12-13,2022,94031
SEG-0096,Victory Rd,Southeast,Arterial,Concrete,35,4,1986,40,1.93,12,4,11033,43.57237,-116.167325,2023-07-24,2023,174945
SEG-0097,Victory Rd,Southeast,Arterial,Asphalt,67,7,1975,51,1.39,11,6,12282,43.567247,-116.165898,2023-08-31,2024,130523
SEG-0098,Victory Rd,Southeast,Arterial,Asphalt,66,7,2014,12,1.05,11,6,10969,43.569437,-116.198716,2025-01-10,2017,115767
SEG-0099,Victory Rd,Southeast,Arterial,Concrete,62,6,1985,41,0.39,12,4,9425,43.569799,-116.2,2024-07-10,2018,39186
SEG-0100,Victory Rd,Southeast,Arterial,Asphalt,57,6,1995,31,1.94,12,6,6414,43.569984,-116.2,2023-10-12,2020,98110
SEG-0101,Victory Rd,Southeast,Arterial,Concrete,36,4,2006,20,0.92,12,6,9689,43.569196,-116.2,2023-10-21,2016,52226
SEG-0102,Amity Rd,Southwest,Arterial,Concrete,54,5,2002,24,0.37,12,4,9254,43.551194,-116.27427,2024-04-04,2019,34378
SEG-0103,Amity Rd,Southwest,Arterial,Asphalt,55,6,2001,25,0.81,12,6,10519,43.553044,-116.274223,2024-01-31,2023,81625
SEG-0104,Amity Rd,Southwest,Arterial,Asphalt,47,5,2007,19,1.19,11,4,8114,43.553466,-116.257288,2024-10-06,2025,117853
SEG-0105,Amity Rd,Southwest,Arterial,Asphalt,59,6,2009,17,1.78,12,4,6131,43.551223,-116.274854,2024-05-22,2019,148605
SEG-0106,Amity Rd,Southwest,Arterial,Concrete,69,7,2013,13,1.48,12,6,7019,43.554055,-116.245588,2025-01-12,2021,175762
SEG-0107,Amity Rd,Southwest,Arterial,Concrete,95,10,2020,6,0.79,12,4,8232,43.552093,-116.240304,2023-10-29,2021,92328
SEG-0108,Warm Springs Ave,East Bench,Arterial,Asphalt,65,6,1987,39,1.48,11,4,12920,43.606284,-116.138764,2025-11-27,2022,79438
SEG-0109,Warm Springs Ave,East Bench,Arterial,Concrete,66,7,2011,15,1.79,11,6,13706,43.610867,-116.175,2025-06-06,2020,100709
SEG-0110,Warm Springs Ave,East Bench,Arterial,Concrete,60,6,1972,54,0.97,12,4,13742,43.610293,-116.175,2025-07-18,2022,55785
SEG-0111,Warm Springs Ave,East Bench,Arterial,Asphalt,27,3,1977,49,1.54,12,6,9230,43.607808,-116.175,2024-06-23,2019,158635
SEG-0112,Warm Springs Ave,East Bench,Arterial,Concrete,61,6,1981,45,1.11,12,6,15284,43.60552,-116.15146,2023-12-24,2017,78961
SEG-0113,Warm Springs Ave,East Bench,Arterial,Asphalt,63,6,1989,37,1.47,12,4,14095,43.605373,-116.175,2024-10-03,2025,96225
SEG-0114,Federal Way,East Bench,Arterial,Concrete,100,10,2004,22,1.7,11,6,12880,43.597295,-116.160334,2024-04-25,2022,152136
SEG-0115,Federal Way,East Bench,Arterial,Asphalt,58,6,2003,23,1.46,12,6,15363,43.594899,-116.171751,2023-11-23,2014,125453
SEG-0116,Federal Way,East Bench,Arterial,Concrete,67,7,2017,9,0.42,12,4,12433,43.596376,-116.132684,2024-11-14,2020,33020
SEG-0117,Federal Way,East Bench,Arterial,Asphalt,61,6,1994,32,1.46,11,4,13353,43.596691,-116.124631,2025-01-31,2021,113170
SEG-0118,Federal Way,East Bench,Arterial,Asphalt,40,4,2004,22,0.69,11,4,9544,43.598041,-116.154444,2025-05-05,2015,54749
SEG-0119,Federal Way,East Bench,Arterial,Concrete,82,8,2008,18,1.78,12,4,11595,43.594605,-116.175,2024-04-20,2023,212788
SEG-0120,Emerald St,Downtown,Arterial,Concrete,75,8,1985,41,0.54,12,4,9461,43.615635,-116.176529,2023-09-20,2022,43148
SEG-0121,Emerald St,Downtown,Arterial,Asphalt,76,8,1979,47,0.61,12,4,8846,43.612912,-116.208694,2025-03-29,2018,54513
SEG-0122,Emerald St,Downtown,Arterial,Asphalt,45,4,1998,28,0.46,11,4,9199,43.61222,-116.190264,2024-12-27,2018,47526
SEG-0123,Emerald St,Downtown,Arterial,Concrete,87,9,1982,44,0.5,12,4,8987,43.616742,-116.22,2025-01-21,2018,44322
SEG-0124,Emerald St,Downtown,Arterial,Asphalt,36,4,1999,27,1.97,12,6,14490,43.613158,-116.175,2025-02-03,2016,176072
SEG-0125,Emerald St,Downtown,Arterial,Asphalt,72,7,2006,20,1.15,11,6,9108,43.612177,-116.22,2024-05-26,2024,121495
SEG-0126,Emerald St,Southeast,Arterial,Concrete,100,10,1974,52,1.44,12,4,12902,43.595,-116.188084,2024-01-27,2021,72921
SEG-0127,Emerald St,Southeast,Arterial,Concrete,44,4,1996,30,1.2,12,6,6140,43.595,-116.187423,2023-08-21,2019,68090
SEG-0128,Emerald St,Southeast,Arterial,Asphalt,51,5,1993,33,1.08,11,4,8457,43.595,-116.198248,2025-09-09,2021,82672
SEG-0129,Emerald St,Southeast,Arterial,Concrete,63,6,1991,35,1.76,11,4,6348,43.595,-116.178407,2025-06-02,2019,201856
SEG-0130,Emerald St,Southeast,Arterial,Concrete,52,5,1979,47,1.51,11,4,7330,43.595,-116.2,2024-07-08,2025,132637
SEG-0131,Emerald St,Southeast,Arterial,Concrete,34,3,1997,29,0.43,12,6,10879,43.595,-116.2,2024-09-16,2016,45084
SEG-0132,Gowen Rd,Southeast,Arterial,Asphalt,63,6,1975,51,0.8,12,6,7195,43.544078,-116.145146,2024-11-29,2018,57733
SEG-0133,Gowen Rd,Southeast,Arterial,Concrete,42,4,1997,29,1.24,11,4,7899,43.540613,-116.191016,2024-04-26,2022,63071
SEG-0134,Gowen Rd,Southeast,Arterial,Asphalt,70,7,1978,48,0.76,11,6,7260,43.541017,-116.167541,2024-08-21,2015,57211
SEG-0135,Gowen Rd,Southeast,Arterial,Asphalt,45,4,1995,31,1.35,12,4,7742,43.540813,-116.197459,2025-02-07,2025,157017
SEG-0136,Gowen Rd,Southeast,Arterial,Concrete,89,9,2006,20,0.85,11,4,7990,43.54417,-116.158719,2024-09-10,2018,75230
SEG-0137,Gowen Rd,Southeast,Arterial,Asphalt,47,5,2020,6,1.44,12,4,7069,43.544988,-116.192467,2024-05-25,2014,79455
SEG-0138,Eagle Rd,West Boise,Arterial,Asphalt,56,6,2021,5,1.38,12,6,26774,43.648258,-116.354843,2023-09-09,2020,73279
SEG-0139,Eagle Rd,West Boise,Arterial,Asphalt,76,8,1984,42,1.18,12,6,23303,43.6,-116.356408,2025-08-17,2018,107617
SEG-0140,Eagle Rd,West Boise,Arterial,Asphalt,39,4,1977,49,1.54,11,6,28849,43.618278,-116.35123,2023-08-26,2025,124234
SEG-0141,Eagle Rd,West Boise,Arterial,Asphalt,66,7,2011,15,1.66,11,4,24454,43.6,-116.351905,2024-02-16,2024,194373
SEG-0142,Eagle Rd,West Boise,Arterial,Asphalt,85,8,2009,17,1.06,12,6,19519,43.619571,-116.356825,2025-08-08,2018,112323
SEG-0143,Eagle Rd,West Boise,Arterial,Asphalt,33,3,2010,16,0.96,12,4,21766,43.638656,-116.354063,2025-08-05,2016,87659
SEG-0144,Cloverdale Rd,West Boise,Arterial,Asphalt,65,6,1994,32,0.53,12,4,22412,43.609864,-116.338152,2025-11-23,2021,31705
SEG-0145,Cloverdale Rd,West Boise,Arterial,Asphalt,66,7,2005,21,1.14,12,4,19272,43.6,-116.334109,2025-06-13,2021,120511
SEG-0146,Cloverdale Rd,West Boise,Arterial,Asphalt,76,8,2001,25,0.49,12,4,18010,43.625252,-116.334365,2025-10-30,2021,58449
SEG-0147,Cloverdale Rd,West Boise,Arterial,Asphalt,39,4,1975,51,1.99,12,6,21632,43.601025,-116.333827,2024-06-05,2018,118895
SEG-0148,Cloverdale Rd,West Boise,Arterial,Asphalt,38,4,2015,11,1.27,11,4,23129,43.627749,-116.33799,2025-07-06,2025,151732
SEG-0149,Cloverdale Rd,West Boise,Arterial,Asphalt,71,7,2013,13,0.54,12,4,18146,43.605768,-116.337515,2025-01-01,2023,55342
SEG-0150,Ten Mile Rd,West Boise,Arterial,Asphalt,67,7,2016,10,1.95,12,6,11037,43.6,-116.314355,2024-05-21,2023,210091
SEG-0151,Ten Mile Rd,West Boise,Arterial,Concrete,66,7,2020,6,1.46,11,4,17529,43.6,-116.313885,2024-02-06,2018,73069
SEG-0152,Ten Mile Rd,West Boise,Arterial,Asphalt,68,7,1987,39,0.91,11,4,20631,43.6,-116.313404,2025-12-01,2017,91745
SEG-0153,Ten Mile Rd,West Boise,Arterial,Asphalt,49,5,1984,42,1.06,12,4,11975,43.613145,-116.318204,2025-01-30,2016,81423
SEG-0154,Ten Mile Rd,West Boise,Arterial,Concrete,66,7,1978,48,1.45,12,4,19999,43.605618,-116.31412,2025-04-24,2015,94125
SEG-0155,Ten Mile Rd,West Boise,Arterial,Concrete,67,7,1977,49,0.95,11,6,12290,43.646727,-116.31816,2023-07-18,2024,87466
SEG-0156,Five Mile Rd,West Boise,Arterial,Asphalt,49,5,2008,18,1.57,12,6,14921,43.648066,-116.296767,2025-01-12,2016,148625
SEG-0157,Five Mile Rd,West Boise,Arterial,Concrete,95,10,1996,30,1.46,12,4,12195,43.608947,-116.292966,2024-02-28,2025,77070
SEG-0158,Five Mile Rd,West Boise,Arterial,Concrete,70,7,2014,12,1.39,11,4,12369,43.618084,-116.295507,2025-01-19,2025,84618
SEG-0159,Five Mile Rd,West Boise,Arterial,Asphalt,40,4,1985,41,0.45,12,6,20975,43.612999,-116.292279,2025-06-15,2019,44798
SEG-0160,Five Mile Rd,West Boise,Arterial,Asphalt,73,7,1987,39,0.5,11,4,18034,43.6,-116.293313,2024-07-09,2023,45182
SEG-0161,Five Mile Rd,West Boise,Arterial,Asphalt,44,4,2019,7,1.28,12,4,19336,43.6,-116.297056,2025-04-17,2019,106270
SEG-0162,Five Mile Rd,Southwest,Arterial,Asphalt,76,8,1990,36,0.43,12,4,9862,43.554861,-116.292505,2025-09-05,2022,23574
SEG-0163,Five Mile Rd,Southwest,Arterial,Concrete,82,8,1988,38,0.82,11,4,18694,43.57154,-116.295786,2024-12-24,2014,94519
SEG-0164,Five Mile Rd,Southwest,Arterial,Concrete,47,5,2017,9,0.48,12,4,17061,43.595714,-116.295742,2024-08-20,2025,54954
SEG-0165,Five Mile Rd,Southwest,Arterial,Asphalt,79,8,1978,48,0.97,12,6,11141,43.541792,-116.297427,2024-08-26,2018,111378
SEG-0166,Five Mile Rd,Southwest,Arterial,Asphalt,69,7,1978,48,1.29,11,6,16635,43.553689,-116.292339,2025-09-01,2016,151606
SEG-0167,Five Mile Rd,Southwest,Arterial,Asphalt,76,8,2015,11,0.37,11,4,10494,43.599608,-116.296175,2024-10-14,2021,19767
SEG-0168,Maple Grove Rd,West Boise,Arterial,Asphalt,96,10,1976,50,1.67,11,4,13641,43.624476,-116.275699,2025-11-10,2015,157181
SEG-0169,Maple Grove Rd,West Boise,Arterial,Asphalt,57,6,2021,5,1.84,12,4,10699,43.6,-116.275124,2025-06-09,2019,147790
SEG-0170,Maple Grove Rd,West Boise,Arterial,Asphalt,48,5,1987,39,0.55,11,6,20605,43.6,-116.277877,2024-02-13,2022,45942
SEG-0171,Maple Grove Rd,West Boise,Arterial,Asphalt,45,4,2004,22,1.98,11,6,18921,43.6,-116.273035,2023-08-27,2021,123922
SEG-0172,Maple Grove Rd,West Boise,Arterial,Asphalt,47,5,1984,42,0.47,12,6,10916,43.622355,-116.274399,2024-04-06,2014,56121
SEG-0173,Maple Grove Rd,West Boise,Arterial,Concrete,60,6,2006,20,1.26,12,6,18064,43.636276,-116.27689,2025-12-02,2019,70960
SEG-0174,Maple Grove Rd,Southwest,Arterial,Asphalt,68,7,1978,48,0.6,12,4,8975,43.6,-116.277791,2024-04-11,2015,65552
SEG-0175,Maple Grove Rd,Southwest,Arterial,Asphalt,66,7,1980,46,1.04,11,6,13198,43.561925,-116.277064,2025-06-04,2025,111292
SEG-0176,Maple Grove Rd,Southwest,Arterial,Asphalt,76,8,2006,20,1.99,11,4,13213,43.54,-116.274788,2024-02-20,2015,119091
SEG-0177,Maple Grove Rd,Southwest,Arterial,Asphalt,62,6,2016,10,1.06,12,6,9110,43.6,-116.27498,2024-07-16,2020,56572
SEG-0178,Maple Grove Rd,Southwest,Arterial,Asphalt,88,9,2000,26,1.28,11,4,15393,43.563098,-116.276748,2023-11-14,2015,87397
SEG-0179,Maple Grove Rd,Southwest,Arterial,Concrete,57,6,1975,51,1.97,12,4,15066,43.578764,-116.273611,2024-01-26,2018,112463
SEG-0180,Cole Rd,West Boise,Arterial,Asphalt,100,10,1995,31,1.73,12,6,21005,43.608792,-116.258425,2023-07-22,2015,89616
SEG-0181,Cole Rd,West Boise,Arterial,Asphalt,73,7,2001,25,0.75,11,6,20078,43.609668,-116.256615,2025-07-01,2025,51323
SEG-0182,Cole Rd,West Boise,Arterial,Concrete,46,5,1992,34,1.0,11,6,14999,43.638397,-116.258486,2024-07-06,2023,66494
SEG-0183,Cole Rd,West Boise,Arterial,Concrete,42,4,2013,13,0.55,11,4,16738,43.655,-116.254197,2023-08-01,2023,30517
SEG-0184,Cole Rd,West Boise,Arterial,Asphalt,70,7,2021,5,0.96,11,6,18525,43.605631,-116.253535,2025-07-04,2023,89869
SEG-0185,Cole Rd,West Boise,Arterial,Asphalt,57,6,1976,50,1.26,12,6,22775,43.632035,-116.25445,2025-07-08,2023,105828
SEG-0186,Cole Rd,Southwest,Arterial,Concrete,74,7,1972,54,1.79,11,6,18785,43.580692,-116.254838,2025-04-13,2016,188944
SEG-0187,Cole Rd,Southwest,Arterial,Concrete,70,7,2019,7,0.76,11,4,14079,43.556038,-116.254538,2025-09-26,2018,78405
SEG-0188,Cole Rd,Southwest,Arterial,Asphalt,60,6,2019,7,1.79,12,4,14288,43.588766,-116.25658,2024-02-21,2015,204529
SEG-0189,Cole Rd,Southwest,Arterial,Asphalt,46,5,2001,25,0.6,11,4,16730,43.586494,-116.257548,2025-04-20,2024,58931
SEG-0190,Cole Rd,Southwest,Arterial,Asphalt,34,3,2011,15,0.33,12,4,11145,43.550009,-116.25776,2024-09-25,2020,16695
SEG-0191,Cole Rd,Southwest,Arterial,Concrete,53,5,1983,43,1.45,12,6,12676,43.6,-116.256246,2025-02-22,2018,83472
SEG-0192,Orchard St,Southwest,Arterial,Asphalt,77,8,2011,15,0.55,12,6,15620,43.59749,-116.229287,2024-10-31,2025,52732
SEG-0193,Orchard St,Southwest,Arterial,Asphalt,65,6,2006,20,0.88,12,6,16794,43.547826,-116.230752,2025-07-24,2025,95783
SEG-0194,Orchard St,Southwest,Arterial,Asphalt,39,4,2018,8,1.91,11,4,12641,43.565692,-116.23015,2024-08-08,2014,214070
SEG-0195,Orchard St,Southwest,Arterial,Asphalt,65,6,2009,17,1.81,12,6,15253,43.6,-116.231499,2025-07-09,2019,198732
SEG-0196,Orchard St,Southwest,Arterial,Asphalt,68,7,1975,51,1.37,11,6,9077,43.6,-116.233918,2024-03-13,2020,84669
SEG-0197,Orchard St,Southwest,Arterial,Asphalt,46,5,2000,26,0.36,12,4,9230,43.595679,-116.23258,2025-07-23,2015,33792
SEG-0198,Orchard St,Southeast,Arterial,Asphalt,64,6,1980,46,0.38,11,6,11262,43.555684,-116.2,2025-06-17,2020,45479
SEG-0199,Orchard St,Southeast,Arterial,Asphalt,63,6,1978,48,0.34,11,4,12825,43.54,-116.2,2024-02-02,2014,23087
SEG-0200,Orchard St,Southeast,Arterial,Concrete,41,4,1998,28,1.23,11,4,12695,43.54,-116.2,2024-09-30,2015,70194
SEG-0201,Orchard St,Southeast,Arterial,Asphalt,68,7,1988,38,0.48,12,4,9154,43.565927,-116.2,2024-12-29,2017,33923
SEG-0202,Orchard St,Southeast,Arterial,Asphalt,72,7,1977,49,1.44,11,4,11191,43.54,-116.2,2023-08-23,2016,118040
SEG-0203,Orchard St,Southeast,Arterial,Concrete,81,8,1993,33,0.83,12,4,13211,43.594931,-116.2,2023-11-13,2015,51406
SEG-0204,Vista Ave,Southeast,Arterial,Asphalt,80,8,1977,49,1.94,12,4,17835,43.56481,-116.2,2024-04-07,2021,195646
SEG-0205,Vista Ave,Southeast,Arterial,Asphalt,37,4,1981,45,1.62,11,6,12140,43.595,-116.2,2024-01-17,2019,130974
SEG-0206,Vista Ave,Southeast,Arterial,Asphalt,45,4,2009,17,1.42,11,4,16305,43.576528,-116.2,2023-10-25,2021,86598
SEG-0207,Vista Ave,Southeast,Arterial,Asphalt,71,7,1987,39,0.68,12,6,13850,43.560651,-116.2,2023-10-31,2024,55329
SEG-0208,Vista Ave,Southeast,Arterial,Asphalt,71,7,1972,54,0.3,12,4,14990,43.54,-116.2,2024-05-08,2023,22630
SEG-0209,Vista Ave,Southeast,Arterial,Concrete,71,7,1993,33,0.49,12,6,15592,43.582996,-116.2,2025-08-15,2018,26070
SEG-0210,Broadway Ave,Downtown,Arterial,Asphalt,100,10,1995,31,1.7,11,4,18790,43.620868,-116.189875,2024-05-15,2020,155128
SEG-0211,Broadway Ave,Downtown,Arterial,Asphalt,72,7,2002,24,1.85,12,6,14103,43.626,-116.188102,2024-10-21,2019,142313
SEG-0212,Broadway Ave,Downtown,Arterial,Concrete,82,8,1978,48,1.32,11,6,23493,43.626,-116.188283,2023-12-06,2024,123673
SEG-0213,Broadway Ave,Downtown,Arterial,Asphalt,79,8,2004,22,0.85,11,6,19870,43.626,-116.189933,2025-10-09,2024,67631
SEG-0214,Broadway Ave,Downtown,Arterial,Concrete,73,7,2020,6,0.79,11,4,23314,43.6,-116.189398,2023-11-03,2024,64528
SEG-0215,Broadway Ave,Downtown,Arterial,Asphalt,56,6,2020,6,1.48,11,6,18251,43.616902,-116.189574,2024-02-23,2025,79573
SEG-0216,Broadway Ave,Southeast,Arterial,Asphalt,75,8,2007,19,1.33,12,4,14819,43.584764,-116.188794,2024-05-12,2018,82680
SEG-0217,Broadway Ave,Southeast,Arterial,Asphalt,48,5,1986,40,1.09,11,4,15285,43.54,-116.187496,2025-05-28,2022,98195
SEG-0218,Broadway Ave,Southeast,Arterial,Concrete,57,6,1996,30,0.99,11,6,15437,43.54,-116.187969,2025-08-07,2024,101659
SEG-0219,Broadway Ave,Southeast,Arterial,Asphalt,53,5,2011,15,1.36,12,4,15258,43.555681,-116.189558,2024-07-22,2014,136922
SEG-0220,Broadway Ave,Southeast,Arterial,Asphalt,63,6,1990,36,1.91,11,4,18814,43.551715,-116.187091,2024-05-31,2025,179666
SEG-0221,Broadway Ave,Southeast,Arterial,Concrete,100,10,1997,29,1.9,11,6,17523,43.595,-116.186552,2025-03-13,2020,102217
SEG-0222,Curtis Rd,Southwest,Collector,Chip Seal,16,2,1997,29,0.32,12,2,10900,43.571043,-116.221219,2024-03-21,2015,21363
SEG-0223,Curtis Rd,Southwest,Collector,Chip Seal,67,7,1994,32,0.67,12,4,6117,43.562521,-116.21944,2025-11-21,2022,37170
SEG-0224,Curtis Rd,Southwest,Collector,Asphalt,21,2,1972,54,0.74,12,2,7496,43.6,-116.224152,2025-05-18,2015,35568
SEG-0225,Milwaukee St,Southeast,Collector,Asphalt,44,4,1973,53,1.19,11,2,8502,43.54,-116.2,2024-01-15,2024,60840
SEG-0226,Milwaukee St,Southeast,Collector,Asphalt,75,8,1974,52,0.65,12,4,6504,43.543763,-116.2,2025-02-22,2019,21182
SEG-0227,Milwaukee St,Southeast,Collector,Chip Seal,55,6,2000,26,0.51,11,4,5439,43.54,-116.2,2023-11-19,2015,25111
SEG-0228,Harrison Blvd,North End,Collector,Chip Seal,32,3,2010,16,0.61,12,4,4300,43.674368,-116.197902,2025-07-18,2021,26024
SEG-0229,Harrison Blvd,North End,Collector,Asphalt,39,4,1993,33,1.05,12,4,5358,43.64309,-116.202457,2024-11-30,2014,52984
SEG-0230,Harrison Blvd,North End,Collector,Chip Seal,67,7,1974,52,0.87,12,4,6959,43.626,-116.200074,2023-08-01,2025,47139
SEG-0231,Hill Rd,North End,Collector,Asphalt,39,4,1981,45,0.79,12,4,3318,43.65858,-116.211452,2023-09-13,2021,34177
SEG-0232,Hill Rd,North End,Collector,Asphalt,58,6,1978,48,0.71,11,4,3615,43.662323,-116.23,2024-07-27,2024,38872
SEG-0233,Hill Rd,North End,Collector,Chip Seal,54,5,1980,46,0.44,12,2,5426,43.659873,-116.23,2024-03-29,2023,14293
SEG-0234,Bogus Basin Rd,North End,Collector,Asphalt,40,4,2016,10,0.29,12,2,3930,43.670505,-116.17986,2025-06-14,2025,17619
SEG-0235,Bogus Basin Rd,North End,Collector,Chip Seal,96,10,2008,18,0.59,11,2,2828,43.672424,-116.178106,2025-08-29,2021,38687
SEG-0236,Bogus Basin Rd,North End,Collector,Asphalt,66,7,2004,22,0.97,12,2,4138,43.671376,-116.178921,2024-04-08,2025,65212
SEG-0237,Capitol Blvd,Downtown,Collector,Asphalt,13,1,2006,20,0.68,11,4,6686,43.626,-116.198977,2024-11-13,2024,41156
SEG-0238,Capitol Blvd,Downtown,Collector,Chip Seal,57,6,1996,30,0.85,12,4,10391,43.6,-116.199174,2025-06-02,2019,29041
SEG-0239,Capitol Blvd,Downtown,Collector,Asphalt,40,4,1989,37,0.6,11,4,11400,43.615728,-116.201097,2025-06-21,2020,17707
SEG-0240,Front St,Downtown,Arterial,Concrete,77,8,1975,51,1.1,12,6,14310,43.608787,-116.22,2023-12-05,2023,110786
SEG-0241,Front St,Downtown,Arterial,Concrete,47,5,1981,45,1.05,11,4,18489,43.603345,-116.183111,2024-11-29,2017,90025
SEG-0242,Front St,Downtown,Arterial,Concrete,59,6,1975,51,1.63,12,4,19602,43.60693,-116.175,2024-12-12,2018,144208
SEG-0243,Front St,Downtown,Arterial,Concrete,71,7,1999,27,1.28,12,4,11744,43.604358,-116.175,2023-12-23,2021,74484
SEG-0244,Front St,Downtown,Arterial,Concrete,77,8,2019,7,0.88,11,6,19614,43.608796,-116.199947,2023-09-05,2019,67572
SEG-0245,Front St,Downtown,Arterial,Concrete,40,4,2004,22,1.71,11,4,15603,43.605475,-116.216752,2024-07-10,2025,111662
SEG-0246,Myrtle St,Downtown,Collector,Chip Seal,47,5,1986,40,0.45,11,2,6277,43.605198,-116.181166,2023-07-18,2021,23679
SEG-0247,Myrtle St,Downtown,Collector,Chip Seal,44,4,2006,20,1.18,12,2,7295,43.606227,-116.214767,2024-10-25,2024,54898
SEG-0248,Myrtle St,Downtown,Collector,Asphalt,40,4,1977,49,0.89,12,4,6726,43.608655,-116.203424,2024-03-15,2019,29745
SEG-0249,Bannock St,Downtown,Collector,Asphalt,89,9,1983,43,0.57,11,2,5846,43.612196,-116.200098,2025-07-06,2025,34874
SEG-0250,Bannock St,Downtown,Collector,Chip Seal,62,6,1981,45,1.09,11,4,6187,43.610897,-116.175547,2025-10-02,2017,55102
SEG-0251,Bannock St,Downtown,Collector,Chip Seal,28,3,2010,16,0.46,11,2,6283,43.614883,-116.201877,2023-09-25,2018,25567
SEG-0252,Jefferson St,Downtown,Collector,Asphalt,72,7,2001,25,0.28,11,2,5399,43.615131,-116.187145,2025-09-12,2016,12314
SEG-0253,Jefferson St,Downtown,Collector,Asphalt,96,10,2011,15,0.84,11,4,5322,43.615062,-116.215921,2025-05-01,2016,25726
SEG-0254,Jefferson St,Downtown,Collector,Chip Seal,74,7,2000,26,0.6,12,2,3840,43.615382,-116.22,2024-09-05,2024,25525
SEG-0255,Main St,Downtown,Collector,Asphalt,23,2,1980,46,1.06,12,4,8900,43.612758,-116.197861,2024-06-14,2024,52224
SEG-0256,Main St,Downtown,Collector,Asphalt,44,4,1992,34,0.29,12,4,8376,43.615837,-116.215227,2024-06-03,2014,17145
SEG-0257,Main St,Downtown,Collector,Chip Seal,79,8,2018,8,0.63,12,2,6894,43.616127,-116.200645,2023-08-07,2020,26941
SEG-0258,Fort St,North End,Local,Chip Seal,30,3,2010,16,0.5,12,2,2202,43.636324,-116.23,2024-03-10,2021,9343
SEG-0259,Fort St,North End,Local,Chip Seal,55,6,1982,44,0.11,11,2,1009,43.636633,-116.19518,2024-12-17,2020,1597
SEG-0260,Eastman St,North End,Local,Chip Seal,63,6,1993,33,0.52,11,2,899,43.639869,-116.179043,2025-07-31,2025,18328
SEG-0261,Eastman St,North End,Local,Chip Seal,25,2,1998,28,0.47,11,2,792,43.639494,-116.181302,2023-11-01,2022,6936
SEG-0262,15th St,North End,Local,Asphalt,44,4,2010,16,0.43,11,2,731,43.646674,-116.20948,2025-10-20,2023,9405
SEG-0263,15th St,North End,Local,Chip Seal,5,1,2008,18,0.35,11,2,1766,43.667678,-116.208148,2025-01-12,2022,4627
SEG-0264,Lemp St,North End,Local,Chip Seal,23,2,2021,5,0.29,11,2,675,43.649731,-116.181464,2024-05-25,2019,7163
SEG-0265,Lemp St,North End,Local,Asphalt,40,4,2008,18,0.18,12,2,1005,43.646942,-116.204528,2023-09-30,2023,2801
SEG-0266,Northview St,North End,Local,Asphalt,18,2,2012,14,0.44,11,2,1084,43.648433,-116.18032,2023-07-31,2016,11306
SEG-0267,Northview St,North End,Local,Asphalt,81,8,1976,50,0.52,12,2,973,43.648072,-116.23,2023-08-03,2015,19711
SEG-0268,Idaho St,Downtown,Local,Chip Seal,14,1,1993,33,0.28,11,2,4901,43.613808,-116.190887,2025-08-21,2025,4613
SEG-0269,Idaho St,Downtown,Local,Asphalt,36,4,1982,44,0.19,12,2,4286,43.612386,-116.211174,2024-07-04,2019,2493
SEG-0270,8th St,Downtown,Local,Chip Seal,48,5,2008,18,0.6,12,2,2829,43.625603,-116.196797,2024-11-29,2021,15821
SEG-0271,8th St,Downtown,Local,Chip Seal,77,8,2016,10,0.17,11,2,2736,43.6088,-116.197617,2025-08-28,2014,6511
SEG-0272,9th St,Downtown,Local,Chip Seal,14,1,1986,40,0.51,11,2,1876,43.60983,-116.201063,2024-04-02,2024,7745
SEG-0273,9th St,Downtown,Local,Chip Seal,71,7,2006,20,0.27,12,2,3278,43.6,-116.197615,2025-10-08,2018,7834
SEG-0274,11th St,Downtown,Local,Chip Seal,46,5,2006,20,0.13,11,2,2809,43.614951,-116.203084,2024-05-20,2020,2611
SEG-0275,11th St,Downtown,Local,Chip Seal,24,2,1997,29,0.38,11,2,3198,43.6,-116.202609,2025-08-09,2024,11606
SEG-0276,Parkcenter Blvd,East Bench,Collector,Asphalt,63,6,1982,44,0.22,11,2,6864,43.590087,-116.175,2025-08-09,2025,7811
SEG-0277,Parkcenter Blvd,East Bench,Collector,Chip Seal,57,6,1979,47,0.21,12,4,4911,43.58,-116.175,2024-05-20,2021,10334
SEG-0278,Parkcenter Blvd,East Bench,Collector,Chip Seal,41,4,2014,12,0.78,11,2,4356,43.606843,-116.175,2025-09-25,2020,41190
SEG-0279,Shaw Mountain Rd,East Bench,Collector,Asphalt,55,6,2012,14,0.49,12,2,3583,43.611415,-116.148481,2024-05-07,2025,25416
SEG-0280,Shaw Mountain Rd,East Bench,Collector,Chip Seal,46,5,2003,23,0.94,12,4,4802,43.58586,-116.165104,2024-11-01,2014,44702
SEG-0281,Shaw Mountain Rd,East Bench,Collector,Asphalt,56,6,1984,42,0.86,12,4,3565,43.622765,-116.137035,2024-05-26,2016,59059
SEG-0282,Boise Ave,East Bench,Collector,Asphalt,67,7,2004,22,0.34,12,4,6680,43.598241,-116.175,2025-09-24,2022,10720
SEG-0283,Boise Ave,East Bench,Collector,Asphalt,85,8,1981,45,0.93,11,4,6605,43.600198,-116.154445,2023-09-27,2017,60669
SEG-0284,Boise Ave,East Bench,Collector,Chip Seal,29,3,2018,8,0.81,12,2,5442,43.597641,-116.175,2023-12-04,2024,37622
SEG-0285,Cassia St,East Bench,Local,Chip Seal,92,9,2001,25,0.3,12,2,830,43.602244,-116.13983,2023-12-29,2019,3595
SEG-0286,Cassia St,East Bench,Local,Chip Seal,5,1,1997,29,0.29,12,2,1440,43.605201,-116.136993,2023-11-11,2014,11563
SEG-0287,Latah St,East Bench,Local,Chip Seal,42,4,2010,16,0.54,12,2,1185,43.598346,-116.16371,2025-09-01,2025,20039
SEG-0288,Latah St,East Bench,Local,Chip Seal,58,6,2007,19,0.31,12,2,1523,43.598004,-116.175,2023-12-25,2024,7328
SEG-0289,Protest Rd,Southeast,Local,Chip Seal,52,5,2015,11,0.42,11,2,574,43.587573,-116.176221,2025-06-19,2016,15694
SEG-0290,Gekeler Ln,Southeast,Local,Chip Seal,32,3,1996,30,0.24,11,2,870,43.54,-116.191728,2024-03-20,2021,5982
SEG-0291,Rose Hill St,Southeast,Local,Asphalt,41,4,2000,26,0.1,12,2,1303,43.560427,-116.177891,2024-12-28,2015,1110
SEG-0292,Eisenman Rd,Southeast,Collector,Asphalt,44,4,1981,45,0.86,12,4,4344,43.54,-116.170498,2024-11-09,2015,22887
SEG-0293,Eisenman Rd,Southeast,Collector,Asphalt,42,4,1974,52,0.89,12,2,4158,43.570675,-116.16794,2023-11-22,2025,51475
SEG-0294,Eisenman Rd,Southeast,Collector,Chip Seal,70,7,2015,11,0.52,11,4,4552,43.558382,-116.168271,2023-12-08,2018,24524
SEG-0295,Linden St,Southwest,Local,Chip Seal,53,5,1971,55,0.2,12,2,1249,43.580876,-116.291874,2025-03-17,2015,5843
SEG-0296,Targee St,Southwest,Local,Chip Seal,30,3,1990,36,0.3,11,2,932,43.570847,-116.245465,2024-02-10,2016,7311
SEG-0297,Hillcrest Ave,Southwest,Local,Chip Seal,65,6,2004,22,0.56,11,2,614,43.582889,-116.227824,2025-07-03,2018,11172
SEG-0298,Lake Harbour Ln,West Boise,Local,Chip Seal,52,5,1994,32,0.29,11,2,639,43.637044,-116.297868,2024-06-13,2018,6132
SEG-0299,Bergeson St,West Boise,Local,Chip Seal,63,6,1972,54,0.11,11,2,794,43.62605,-116.280063,2023-10-07,2015,2124
SEG-0300,Biscayne Dr,West Boise,Local,Chip Seal,59,6,2013,13,0.29,12,2,1235,43.623933,-116.279958,2025-10-16,2015,10485
